user_id,name,native_language,target_language,target_level,interests,bio
1,Danielle,Arabic,Spanish,A1,"Reading, Art, Psychology, Sports",I'm mostly here to talk about devouring sci-fi novels and visiting contemporary galleries in Spanish. Let's have a great conversation!
2,Angel,Japanese,English,A1,"Movies, Art",I'm mostly here to talk about binge-watching classic cinema and sketching portraits in my notebook in English. Let's have a great conversation!
3,Joshua,Japanese,German,B2,"Reading, IT & Programming, Music, Nature","I want to improve my German for future goals. I can definitely help you with Japanese. When I'm offline, you can usually find me reading fantasy series before bed."
4,Jeffrey,German,Chinese,A1,"Fitness, Cooking",I'm mostly here to talk about practicing yoga in the mornings and experimenting with Italian cuisine in Chinese. Let's have a great conversation!
5,Jill,Russian,English,C2,"Psychology, Cooking, Fitness",I'm mostly here to talk about learning about human behavior and experimenting with Italian cuisine in English. Let's have a great conversation!
6,Erica,Chinese,Portuguese,A2,"Gaming, Traveling, Art, Photography","Hi, I'm Erica. I'm a native Chinese speaker looking to practice my Portuguese. In my free time, I really enjoy playing competitive multiplayer games and exploring new cultures and cities."
7,Patricia,Japanese,Russian,B2,"Science, Music, Languages, Startups","Hi, I'm Patricia. I'm a native Japanese speaker looking to practice my Russian. In my free time, I really enjoy reading popular physics books and curating the perfect Spotify playlists."
8,Christopher,Portuguese,Arabic,A2,"Art, Music, Fashion, Fitness",Currently learning Arabic. I am super passionate about playing the acoustic guitar and would love to discuss it with native speakers!
9,Robert,English,German,A1,"Fitness, Reading, Gaming","I want to improve my German for future goals. I can definitely help you with English. When I'm offline, you can usually find me doing crossfit workouts."
10,Anthony,Arabic,Korean,B2,"Fashion, Sports, Reading, Psychology",I'm mostly here to talk about thrift shopping for vintage clothes and watching the Champions League in Korean. Let's have a great conversation!
11,Jeffery,Japanese,Portuguese,B2,"Art, Sports, Startups","Hi, I'm Jeffery. I'm a native Japanese speaker looking to practice my Portuguese. In my free time, I really enjoy studying Renaissance masterpieces and going for morning runs."
12,William,Spanish,French,C2,"Nature, Gaming",I'm mostly here to talk about growing indoor houseplants and getting lost in massive open-world RPGs in French. Let's have a great conversation!
13,Anthony,Korean,Italian,B1,"IT & Programming, Cooking, Reading, History","Hello! My native language is Korean. My main hobbies include writing code in Python, experimenting with Italian cuisine, and just meeting new people from different countries."
14,James,French,Korean,A1,"Reading, Startups, Music, Cooking","I want to improve my Korean for future goals. I can definitely help you with French. When I'm offline, you can usually find me reading fantasy series before bed."
15,Debra,Chinese,French,C1,"IT & Programming, History, Anime, Languages",Currently learning French. I am super passionate about visiting local museums and would love to discuss it with native speakers!
16,Amy,German,English,A2,"Gaming, Languages, Anime, Psychology","Hello! My native language is German. My main hobbies include speedrunning retro platformers, learning kanji characters, and just meeting new people from different countries."
17,Jeffrey,Italian,French,B1,"Nature, Movies, Psychology, Photography","Hello! My native language is Italian. My main hobbies include growing indoor houseplants, going to midnight premieres, and just meeting new people from different countries."
18,Bridget,Italian,Korean,A1,"Art, Gaming",I'm mostly here to talk about painting with watercolors and playing competitive multiplayer games in Korean. Let's have a great conversation!
19,Lisa,Italian,German,C1,"IT & Programming, Gaming","Hi, I'm Lisa. I'm a native Italian speaker looking to practice my German. In my free time, I really enjoy writing code in Python and speedrunning retro platformers."
20,Adam,English,Chinese,A1,"Art, Reading, Anime, Movies","I want to improve my Chinese for future goals. I can definitely help you with English. When I'm offline, you can usually find me sketching portraits in my notebook."
21,Linda,Korean,Japanese,A2,"Cooking, Nature","Hello! My native language is Korean. My main hobbies include experimenting with Italian cuisine, growing indoor houseplants, and just meeting new people from different countries."
22,Helen,Korean,English,C2,"Cooking, Traveling, Fitness, History","I want to improve my English for future goals. I can definitely help you with Korean. When I'm offline, you can usually find me trying out new recipes."
23,Matthew,German,Italian,B2,"Nature, Music","I want to improve my Italian for future goals. I can definitely help you with German. When I'm offline, you can usually find me bird watching in the forest."
24,Eric,Spanish,Korean,C1,"Traveling, Psychology","I want to improve my Korean for future goals. I can definitely help you with Spanish. When I'm offline, you can usually find me backpacking across Europe."
25,Susan,French,Japanese,B2,"Movies, Fitness, Traveling","Hi, I'm Susan. I'm a native French speaker looking to practice my Japanese. In my free time, I really enjoy discussing plot twists in thrillers and tracking my macronutrients."
26,Matthew,Japanese,Russian,B2,"Nature, Psychology, Anime",Currently learning Russian. I am super passionate about reading cognitive science research and would love to discuss it with native speakers!
27,Christopher,German,English,C1,"Psychology, Traveling, History, Languages",I'm mostly here to talk about learning about human behavior and visiting places I've never been before in English. Let's have a great conversation!
28,Colin,Italian,French,A1,"Gaming, Music, Languages, Startups","Hi, I'm Colin. I'm a native Italian speaker looking to practice my French. In my free time, I really enjoy speedrunning retro platformers and producing electronic beats."
29,Melanie,Portuguese,German,C1,"Traveling, Gaming, Nature, History",Currently learning German. I am super passionate about speedrunning retro platformers and would love to discuss it with native speakers!
30,Cassandra,German,Russian,B2,"Photography, Fashion","Hi, I'm Cassandra. I'm a native German speaker looking to practice my Russian. In my free time, I really enjoy doing street photography on weekends and following runway trends."
31,Lindsay,Korean,Portuguese,C1,"Gaming, Psychology","I want to improve my Portuguese for future goals. I can definitely help you with Korean. When I'm offline, you can usually find me speedrunning retro platformers."
32,Jessica,Chinese,Spanish,A2,"Photography, Music, Fashion",I'm mostly here to talk about doing street photography on weekends and going to live indie gigs in Spanish. Let's have a great conversation!
33,Amanda,Russian,Arabic,A1,"Reading, Cooking",Currently learning Arabic. I am super passionate about baking desserts on weekends and would love to discuss it with native speakers!
34,Teresa,Russian,Portuguese,A2,"History, Movies, Reading, Anime","Hi, I'm Teresa. I'm a native Russian speaker looking to practice my Portuguese. In my free time, I really enjoy visiting local museums and binge-watching classic cinema."
35,Nicholas,Arabic,Japanese,B1,"IT & Programming, History","I want to improve my Japanese for future goals. I can definitely help you with Arabic. When I'm offline, you can usually find me building web applications."
36,Andrea,Turkish,Korean,C1,"Nature, Psychology, IT & Programming, Cooking",I'm mostly here to talk about hiking in the national parks and reading cognitive science research in Korean. Let's have a great conversation!
37,Maria,English,Chinese,C1,"Sports, Nature, Languages, Traveling","Hi, I'm Maria. I'm a native English speaker looking to practice my Chinese. In my free time, I really enjoy watching the Champions League and bird watching in the forest."
38,Christine,Chinese,German,C2,"Cooking, Science","I want to improve my German for future goals. I can definitely help you with Chinese. When I'm offline, you can usually find me spending hours in the kitchen making dinner."
39,Michelle,French,Turkish,B2,"Music, History",Currently learning Turkish. I am super passionate about watching documentaries about ancient Rome and would love to discuss it with native speakers!
40,Barbara,French,Spanish,B2,"Anime, Art",Currently learning Spanish. I am super passionate about studying Renaissance masterpieces and would love to discuss it with native speakers!
41,Janet,Russian,German,A2,"Movies, Fitness","Hi, I'm Janet. I'm a native Russian speaker looking to practice my German. In my free time, I really enjoy going to midnight premieres and practicing yoga in the mornings."
42,Brandon,Russian,Chinese,C2,"Fitness, Psychology, History, IT & Programming","I want to improve my Chinese for future goals. I can definitely help you with Russian. When I'm offline, you can usually find me hitting the gym after work."
43,Jeremy,Portuguese,Russian,A1,"Nature, Science",I'm mostly here to talk about bird watching in the forest and learning about quantum mechanics in Russian. Let's have a great conversation!
44,Keith,Italian,Spanish,B2,"Movies, Reading, Traveling, Nature",Currently learning Spanish. I am super passionate about collecting hardcover first editions and would love to discuss it with native speakers!
45,Christopher,Japanese,Spanish,C2,"History, Cooking, Photography",Currently learning Spanish. I am super passionate about spending hours in the kitchen making dinner and would love to discuss it with native speakers!
46,Jesse,Japanese,Russian,C1,"Movies, Nature",I'm mostly here to talk about analyzing directing styles and camping over the weekend in Russian. Let's have a great conversation!
47,Craig,Portuguese,Russian,B2,"IT & Programming, Photography, Psychology, Movies","Hello! My native language is Portuguese. My main hobbies include fixing bugs in my pet projects, doing street photography on weekends, and just meeting new people from different countries."
48,Joshua,Korean,Turkish,C2,"Startups, Anime",Currently learning Turkish. I am super passionate about watching seasonal Japanese animation and would love to discuss it with native speakers!
49,Cynthia,Italian,Arabic,C2,"History, Gaming, Art, Photography","I want to improve my Arabic for future goals. I can definitely help you with Italian. When I'm offline, you can usually find me watching documentaries about ancient Rome."
50,Michael,English,Turkish,A2,"Gaming, Fashion, Nature","Hello! My native language is English. My main hobbies include speedrunning retro platformers, reading design magazines, and just meeting new people from different countries."
51,Mitchell,Japanese,German,A2,"IT & Programming, Cooking, Nature, Art","Hi, I'm Mitchell. I'm a native Japanese speaker looking to practice my German. In my free time, I really enjoy building web applications and spending hours in the kitchen making dinner."
52,Jason,Italian,German,A1,"Sports, Fashion, Startups",I'm mostly here to talk about watching the Champions League and reading design magazines in German. Let's have a great conversation!
53,Joseph,Turkish,Italian,B2,"Fashion, Music, Anime, Languages",Currently learning Italian. I am super passionate about playing the acoustic guitar and would love to discuss it with native speakers!
54,Sharon,Italian,Korean,C2,"Reading, Fashion","I want to improve my Korean for future goals. I can definitely help you with Italian. When I'm offline, you can usually find me devouring sci-fi novels."
55,Deborah,Russian,Chinese,B1,"Gaming, Sports, Psychology, Art","I want to improve my Chinese for future goals. I can definitely help you with Russian. When I'm offline, you can usually find me getting lost in massive open-world RPGs."
56,Chelsea,Spanish,Japanese,B2,"Psychology, Fashion, Nature","Hello! My native language is Spanish. My main hobbies include learning about human behavior, thrift shopping for vintage clothes, and just meeting new people from different countries."
57,George,Japanese,Portuguese,C2,"Languages, Fitness",Currently learning Portuguese. I am super passionate about hitting the gym after work and would love to discuss it with native speakers!
58,Jessica,Russian,Japanese,B2,"Psychology, Art, Anime, Languages","Hello! My native language is Russian. My main hobbies include understanding personality types, studying Renaissance masterpieces, and just meeting new people from different countries."
59,Frank,English,Japanese,B1,"Fitness, Music, Fashion, Sports",I'm mostly here to talk about hitting the gym after work and producing electronic beats in Japanese. Let's have a great conversation!
60,Noah,Portuguese,Arabic,A1,"Nature, Sports","Hi, I'm Noah. I'm a native Portuguese speaker looking to practice my Arabic. In my free time, I really enjoy growing indoor houseplants and playing football with friends."
61,Veronica,Russian,Japanese,B1,"Fashion, History",Currently learning Japanese. I am super passionate about discussing 20th-century geopolitical events and would love to discuss it with native speakers!
62,Danielle,Japanese,Russian,A1,"IT & Programming, Psychology, Traveling","Hi, I'm Danielle. I'm a native Japanese speaker looking to practice my Russian. In my free time, I really enjoy reading about new tech frameworks and reading cognitive science research."
63,Angela,Arabic,English,A1,"Movies, IT & Programming","I want to improve my English for future goals. I can definitely help you with Arabic. When I'm offline, you can usually find me discussing plot twists in thrillers."
64,Gabrielle,Korean,Arabic,A1,"Movies, Fashion, Reading, Science","I want to improve my Arabic for future goals. I can definitely help you with Korean. When I'm offline, you can usually find me discussing plot twists in thrillers."
65,Megan,Russian,Spanish,C1,"Photography, Fitness","Hi, I'm Megan. I'm a native Russian speaker looking to practice my Spanish. In my free time, I really enjoy capturing beautiful landscapes and doing crossfit workouts."
66,Kimberly,Portuguese,Arabic,A2,"Photography, Cooking",I'm mostly here to talk about shooting on 35mm film and experimenting with Italian cuisine in Arabic. Let's have a great conversation!
67,Jeremy,Japanese,Arabic,B1,"Startups, History","Hello! My native language is Japanese. My main hobbies include pitching new business ideas, discussing 20th-century geopolitical events, and just meeting new people from different countries."
68,Antonio,Spanish,Japanese,B1,"Fashion, Sports, Nature, Music","Hello! My native language is Spanish. My main hobbies include putting together unique outfits, training for a local marathon, and just meeting new people from different countries."
69,Leslie,Japanese,Portuguese,B1,"Art, Gaming, Reading","Hello! My native language is Japanese. My main hobbies include studying Renaissance masterpieces, speedrunning retro platformers, and just meeting new people from different countries."
70,Joseph,Portuguese,Turkish,C2,"History, IT & Programming, Anime","Hello! My native language is Portuguese. My main hobbies include visiting local museums, building web applications, and just meeting new people from different countries."
71,Jason,German,Chinese,B1,"Reading, Languages, IT & Programming","I want to improve my Chinese for future goals. I can definitely help you with German. When I'm offline, you can usually find me collecting hardcover first editions."
72,Sherri,Turkish,Japanese,B2,"Art, Anime, Psychology, Fashion",Currently learning Japanese. I am super passionate about watching seasonal Japanese animation and would love to discuss it with native speakers!
73,Nancy,German,Japanese,C2,"Photography, Science","Hello! My native language is German. My main hobbies include capturing beautiful landscapes, discussing biotech breakthroughs, and just meeting new people from different countries."
74,Leonard,Turkish,Italian,B1,"Fashion, Reading, Photography","Hi, I'm Leonard. I'm a native Turkish speaker looking to practice my Italian. In my free time, I really enjoy putting together unique outfits and collecting hardcover first editions."
75,Diana,Turkish,German,B1,"Psychology, Music","Hello! My native language is Turkish. My main hobbies include reading cognitive science research, playing the acoustic guitar, and just meeting new people from different countries."
76,Randall,Russian,Portuguese,C1,"Photography, Cooking, Movies, Languages","I want to improve my Portuguese for future goals. I can definitely help you with Russian. When I'm offline, you can usually find me editing raw photos in Lightroom."
77,Robin,Russian,English,C2,"Sports, Reading, Traveling, Startups","Hello! My native language is Russian. My main hobbies include watching the Champions League, collecting hardcover first editions, and just meeting new people from different countries."
78,Stephen,Spanish,English,C1,"Anime, Languages, Fashion","Hi, I'm Stephen. I'm a native Spanish speaker looking to practice my English. In my free time, I really enjoy going to cosplay conventions and learning kanji characters."
79,Joseph,Russian,Korean,A1,"Fitness, Anime","I want to improve my Korean for future goals. I can definitely help you with Russian. When I'm offline, you can usually find me hitting the gym after work."
80,John,French,Portuguese,B1,"Art, Cooking",I'm mostly here to talk about studying Renaissance masterpieces and baking desserts on weekends in Portuguese. Let's have a great conversation!
81,Anna,Japanese,Korean,B2,"Languages, Nature, Photography","I want to improve my Korean for future goals. I can definitely help you with Japanese. When I'm offline, you can usually find me doing my daily Duolingo streak."
82,Jose,Arabic,German,B1,"Gaming, Music, Art, Psychology","Hi, I'm Jose. I'm a native Arabic speaker looking to practice my German. In my free time, I really enjoy playing competitive multiplayer games and playing the acoustic guitar."
83,Brenda,Japanese,Korean,C2,"Anime, Photography, Traveling, Art","Hello! My native language is Japanese. My main hobbies include going to cosplay conventions, doing street photography on weekends, and just meeting new people from different countries."
84,Rachael,Spanish,Arabic,A2,"Languages, Movies, Nature","I want to improve my Arabic for future goals. I can definitely help you with Spanish. When I'm offline, you can usually find me doing my daily Duolingo streak."
85,Reginald,Russian,French,A1,"Music, Photography","Hi, I'm Reginald. I'm a native Russian speaker looking to practice my French. In my free time, I really enjoy curating the perfect Spotify playlists and capturing beautiful landscapes."
86,Jeffrey,Korean,Russian,C2,"Reading, Startups, Anime",I'm mostly here to talk about joining local book club discussions and pitching new business ideas in Russian. Let's have a great conversation!
87,Whitney,English,Japanese,C2,"Reading, IT & Programming, Gaming",Currently learning Japanese. I am super passionate about writing code in Python and would love to discuss it with native speakers!
88,William,Portuguese,English,A2,"Startups, Fashion, Reading","Hello! My native language is Portuguese. My main hobbies include reading about venture capital, reading design magazines, and just meeting new people from different countries."
89,Christopher,Spanish,Korean,B1,"History, Languages, Cooking","Hello! My native language is Spanish. My main hobbies include watching documentaries about ancient Rome, doing language exchange calls, and just meeting new people from different countries."
90,Brandon,Turkish,Korean,B1,"Fitness, Psychology, Traveling, Fashion",Currently learning Korean. I am super passionate about understanding personality types and would love to discuss it with native speakers!
91,Daniel,Chinese,Spanish,B2,"IT & Programming, Psychology, Fashion, Nature",I'm mostly here to talk about writing code in Python and reading cognitive science research in Spanish. Let's have a great conversation!
92,Courtney,Chinese,Portuguese,B2,"Fashion, Traveling, Movies, Reading","Hello! My native language is Chinese. My main hobbies include thrift shopping for vintage clothes, taking spontaneous road trips, and just meeting new people from different countries."
93,Laura,Turkish,Korean,A1,"Art, Music",I'm mostly here to talk about painting with watercolors and going to live indie gigs in Korean. Let's have a great conversation!
94,Robert,Japanese,Spanish,A2,"Fashion, Cooking",Currently learning Spanish. I am super passionate about spending hours in the kitchen making dinner and would love to discuss it with native speakers!
95,Bryan,Italian,Russian,B2,"Anime, Art, Fashion","I want to improve my Russian for future goals. I can definitely help you with Italian. When I'm offline, you can usually find me reading the latest manga chapters."
96,Patrick,Portuguese,Italian,C2,"Gaming, Reading",I'm mostly here to talk about getting lost in massive open-world RPGs and reading fantasy series before bed in Italian. Let's have a great conversation!
97,Wendy,Russian,English,B1,"Photography, Anime, Sports, Fashion",Currently learning English. I am super passionate about going to cosplay conventions and would love to discuss it with native speakers!
98,Allison,Italian,Turkish,B2,"History, Movies, Art","Hello! My native language is Italian. My main hobbies include discussing 20th-century geopolitical events, discussing plot twists in thrillers, and just meeting new people from different countries."
99,Tasha,English,Chinese,C2,"Fitness, Languages, Sports","I want to improve my Chinese for future goals. I can definitely help you with English. When I'm offline, you can usually find me tracking my macronutrients."
100,Michelle,Italian,Portuguese,B1,"Fashion, Cooking","I want to improve my Portuguese for future goals. I can definitely help you with Italian. When I'm offline, you can usually find me reading design magazines."
101,Alexander,Japanese,Arabic,A2,"Anime, Reading","Hi, I'm Alexander. I'm a native Japanese speaker looking to practice my Arabic. In my free time, I really enjoy going to cosplay conventions and joining local book club discussions."
102,Jennifer,Chinese,Arabic,C1,"History, Anime, Traveling",Currently learning Arabic. I am super passionate about reading the latest manga chapters and would love to discuss it with native speakers!
103,Erin,German,Spanish,B2,"Cooking, Fashion","Hi, I'm Erin. I'm a native German speaker looking to practice my Spanish. In my free time, I really enjoy baking desserts on weekends and putting together unique outfits."
104,Amanda,English,Chinese,A1,"Science, Languages, Nature",I'm mostly here to talk about reading popular physics books and learning kanji characters in Chinese. Let's have a great conversation!
105,Joseph,Japanese,Portuguese,C2,"Music, Languages",I'm mostly here to talk about going to live indie gigs and studying foreign grammar rules in Portuguese. Let's have a great conversation!
106,Danielle,Arabic,German,B2,"Sports, Art, Fashion, Reading","Hi, I'm Danielle. I'm a native Arabic speaker looking to practice my German. In my free time, I really enjoy training for a local marathon and painting with watercolors."
107,Daniel,Korean,Russian,C2,"Music, Gaming, Fashion, Science",Currently learning Russian. I am super passionate about getting lost in massive open-world RPGs and would love to discuss it with native speakers!
108,Ryan,Korean,Russian,A2,"Anime, Cooking, Art",I'm mostly here to talk about discussing my favorite shounen arcs and experimenting with Italian cuisine in Russian. Let's have a great conversation!
109,Shawn,Russian,Turkish,A1,"Fitness, Reading, IT & Programming, Traveling","I want to improve my Turkish for future goals. I can definitely help you with Russian. When I'm offline, you can usually find me tracking my macronutrients."
110,Stephanie,Portuguese,Chinese,A2,"Movies, Reading, Sports, Cooking","Hello! My native language is Portuguese. My main hobbies include binge-watching classic cinema, reading fantasy series before bed, and just meeting new people from different countries."
111,Nancy,English,Portuguese,B1,"Sports, Gaming, Photography, History","I want to improve my Portuguese for future goals. I can definitely help you with English. When I'm offline, you can usually find me training for a local marathon."
112,Jose,French,Italian,B1,"Startups, Reading, Music, Psychology",Currently learning Italian. I am super passionate about reading fantasy series before bed and would love to discuss it with native speakers!
113,Vincent,Spanish,Korean,A1,"Art, Fitness","Hello! My native language is Spanish. My main hobbies include painting with watercolors, hitting the gym after work, and just meeting new people from different countries."
114,Guy,English,Russian,C1,"Fashion, Science",Currently learning Russian. I am super passionate about learning about quantum mechanics and would love to discuss it with native speakers!
115,Rita,Spanish,Arabic,A2,"IT & Programming, Psychology, History","Hello! My native language is Spanish. My main hobbies include building web applications, learning about human behavior, and just meeting new people from different countries."
116,Monica,Turkish,Russian,C2,"Cooking, Sports, Traveling","Hello! My native language is Turkish. My main hobbies include trying out new recipes, watching the Champions League, and just meeting new people from different countries."
117,Kenneth,Spanish,Turkish,A2,"Sports, Fitness, Fashion, Science","Hello! My native language is Spanish. My main hobbies include training for a local marathon, doing crossfit workouts, and just meeting new people from different countries."
118,Danielle,Arabic,Spanish,B2,"Nature, Reading, Traveling, Science","Hello! My native language is Arabic. My main hobbies include camping over the weekend, joining local book club discussions, and just meeting new people from different countries."
119,Chelsea,German,Chinese,A1,"Science, Psychology, Languages, Traveling","I want to improve my Chinese for future goals. I can definitely help you with German. When I'm offline, you can usually find me learning about quantum mechanics."
120,Eric,Spanish,Korean,A1,"Movies, IT & Programming, Traveling, History",I'm mostly here to talk about discussing plot twists in thrillers and building web applications in Korean. Let's have a great conversation!
121,Kathryn,German,Spanish,C1,"Languages, Movies","I want to improve my Spanish for future goals. I can definitely help you with German. When I'm offline, you can usually find me learning kanji characters."
122,Amber,Portuguese,English,B1,"Sports, Psychology","Hi, I'm Amber. I'm a native Portuguese speaker looking to practice my English. In my free time, I really enjoy watching the Champions League and reading cognitive science research."
123,Kimberly,Arabic,English,A2,"Science, Art","I want to improve my English for future goals. I can definitely help you with Arabic. When I'm offline, you can usually find me discussing biotech breakthroughs."
124,Alyssa,Russian,English,A2,"Nature, Startups, Cooking, Gaming",Currently learning English. I am super passionate about networking with local entrepreneurs and would love to discuss it with native speakers!
125,Aaron,Italian,Portuguese,A1,"Startups, Art, Traveling","Hi, I'm Aaron. I'm a native Italian speaker looking to practice my Portuguese. In my free time, I really enjoy building my own SaaS product and studying Renaissance masterpieces."
126,Mario,English,Korean,B2,"Cooking, Anime, Fashion",Currently learning Korean. I am super passionate about watching seasonal Japanese animation and would love to discuss it with native speakers!
127,Andrew,Portuguese,French,A1,"Reading, Psychology",I'm mostly here to talk about reading fantasy series before bed and discussing mental health awareness in French. Let's have a great conversation!
128,Sarah,Italian,Russian,B2,"Nature, Cooking, Psychology, Movies","I want to improve my Russian for future goals. I can definitely help you with Italian. When I'm offline, you can usually find me growing indoor houseplants."
129,Natasha,Japanese,Chinese,B2,"Nature, Cooking, History",Currently learning Chinese. I am super passionate about experimenting with Italian cuisine and would love to discuss it with native speakers!
130,Marie,Chinese,French,C2,"Gaming, Languages, Psychology","Hi, I'm Marie. I'm a native Chinese speaker looking to practice my French. In my free time, I really enjoy playing competitive multiplayer games and studying foreign grammar rules."
131,Kyle,Turkish,Chinese,A2,"Traveling, Psychology, History, Cooking","Hello! My native language is Turkish. My main hobbies include visiting places I've never been before, understanding personality types, and just meeting new people from different countries."
132,Brian,Turkish,English,B1,"Photography, Science, Cooking, Movies","I want to improve my English for future goals. I can definitely help you with Turkish. When I'm offline, you can usually find me editing raw photos in Lightroom."
133,Natalie,Spanish,Chinese,C1,"Cooking, Reading, Art",I'm mostly here to talk about spending hours in the kitchen making dinner and devouring sci-fi novels in Chinese. Let's have a great conversation!
134,Stacey,Arabic,Russian,A1,"Reading, Photography","Hi, I'm Stacey. I'm a native Arabic speaker looking to practice my Russian. In my free time, I really enjoy reading fantasy series before bed and doing street photography on weekends."
135,Christopher,French,Turkish,C1,"Fitness, Gaming, Sports, IT & Programming","Hello! My native language is French. My main hobbies include hitting the gym after work, speedrunning retro platformers, and just meeting new people from different countries."
136,Todd,Japanese,Korean,B1,"Science, Photography","Hi, I'm Todd. I'm a native Japanese speaker looking to practice my Korean. In my free time, I really enjoy discussing biotech breakthroughs and shooting on 35mm film."
137,Chad,French,Turkish,C1,"Gaming, Reading","Hello! My native language is French. My main hobbies include getting lost in massive open-world RPGs, joining local book club discussions, and just meeting new people from different countries."
138,Kathleen,Portuguese,Korean,B2,"Movies, Startups, Cooking","Hi, I'm Kathleen. I'm a native Portuguese speaker looking to practice my Korean. In my free time, I really enjoy going to midnight premieres and networking with local entrepreneurs."
139,Katie,Russian,Arabic,C2,"Anime, Startups, Photography, Traveling",I'm mostly here to talk about reading the latest manga chapters and networking with local entrepreneurs in Arabic. Let's have a great conversation!
140,David,English,Turkish,A2,"Movies, Sports, Reading","Hi, I'm David. I'm a native English speaker looking to practice my Turkish. In my free time, I really enjoy going to midnight premieres and watching the Champions League."
141,Thomas,English,Korean,C2,"Music, Sports, Fitness","Hi, I'm Thomas. I'm a native English speaker looking to practice my Korean. In my free time, I really enjoy playing the acoustic guitar and watching the Champions League."
142,Andrea,Japanese,English,B2,"Fashion, Gaming",I'm mostly here to talk about putting together unique outfits and getting lost in massive open-world RPGs in English. Let's have a great conversation!
143,Joseph,Japanese,Arabic,B2,"Cooking, Fitness, IT & Programming",I'm mostly here to talk about experimenting with Italian cuisine and doing crossfit workouts in Arabic. Let's have a great conversation!
144,Monique,Korean,Chinese,A1,"Cooking, Art, Nature","Hello! My native language is Korean. My main hobbies include spending hours in the kitchen making dinner, visiting contemporary galleries, and just meeting new people from different countries."
145,Rodney,Russian,Chinese,A2,"Music, Gaming, Startups",Currently learning Chinese. I am super passionate about speedrunning retro platformers and would love to discuss it with native speakers!
146,Jason,Chinese,Arabic,A2,"Cooking, Sports","I want to improve my Arabic for future goals. I can definitely help you with Chinese. When I'm offline, you can usually find me experimenting with Italian cuisine."
147,Amber,Portuguese,French,C2,"Music, Anime",I'm mostly here to talk about producing electronic beats and discussing my favorite shounen arcs in French. Let's have a great conversation!
148,Jessica,Arabic,Turkish,C1,"History, Sports, Fashion","Hello! My native language is Arabic. My main hobbies include reading biographies of historical figures, training for a local marathon, and just meeting new people from different countries."
149,James,Arabic,Russian,B1,"Traveling, Science, Startups, Gaming","Hello! My native language is Arabic. My main hobbies include taking spontaneous road trips, learning about quantum mechanics, and just meeting new people from different countries."
150,Larry,English,Turkish,B1,"Gaming, Languages, Startups",I'm mostly here to talk about getting lost in massive open-world RPGs and studying foreign grammar rules in Turkish. Let's have a great conversation!
151,Wanda,Italian,English,B2,"Movies, History, Anime, Sports","Hi, I'm Wanda. I'm a native Italian speaker looking to practice my English. In my free time, I really enjoy binge-watching classic cinema and discussing 20th-century geopolitical events."
152,Debra,Chinese,Spanish,C1,"Music, Traveling, Art, Fashion",Currently learning Spanish. I am super passionate about exploring new cultures and cities and would love to discuss it with native speakers!
153,Samuel,Chinese,Russian,B2,"History, Traveling, Languages","Hi, I'm Samuel. I'm a native Chinese speaker looking to practice my Russian. In my free time, I really enjoy reading biographies of historical figures and taking spontaneous road trips."
154,Zachary,Italian,Arabic,B2,"Reading, Sports, History",Currently learning Arabic. I am super passionate about playing football with friends and would love to discuss it with native speakers!
155,David,Russian,Arabic,C2,"Fitness, Sports, Gaming, Photography","I want to improve my Arabic for future goals. I can definitely help you with Russian. When I'm offline, you can usually find me tracking my macronutrients."
156,Jeffrey,Arabic,Turkish,C1,"Nature, Startups",Currently learning Turkish. I am super passionate about pitching new business ideas and would love to discuss it with native speakers!
157,Matthew,Russian,French,A2,"Anime, Movies, Art","Hi, I'm Matthew. I'm a native Russian speaker looking to practice my French. In my free time, I really enjoy reading the latest manga chapters and discussing plot twists in thrillers."
158,Brianna,Russian,Spanish,C1,"Startups, Traveling, History, Sports","I want to improve my Spanish for future goals. I can definitely help you with Russian. When I'm offline, you can usually find me networking with local entrepreneurs."
159,Jerry,French,Portuguese,A2,"Fashion, Traveling, Nature, Science",I'm mostly here to talk about thrift shopping for vintage clothes and visiting places I've never been before in Portuguese. Let's have a great conversation!
160,Jeffrey,Russian,Korean,A2,"Art, Photography, Anime, Movies","Hello! My native language is Russian. My main hobbies include painting with watercolors, capturing beautiful landscapes, and just meeting new people from different countries."
161,Chad,Russian,Japanese,C1,"Nature, Music, Movies, Sports","Hello! My native language is Russian. My main hobbies include bird watching in the forest, going to live indie gigs, and just meeting new people from different countries."
162,Crystal,Chinese,Italian,A1,"Startups, Cooking, Photography, Gaming","Hello! My native language is Chinese. My main hobbies include reading about venture capital, experimenting with Italian cuisine, and just meeting new people from different countries."
163,Jeremy,Italian,French,B2,"Art, Fashion","Hello! My native language is Italian. My main hobbies include painting with watercolors, following runway trends, and just meeting new people from different countries."
164,Rebecca,English,Japanese,C1,"Art, Fitness, Gaming","Hi, I'm Rebecca. I'm a native English speaker looking to practice my Japanese. In my free time, I really enjoy painting with watercolors and doing crossfit workouts."
165,Michele,Chinese,Spanish,C2,"History, Sports, Psychology, Traveling","I want to improve my Spanish for future goals. I can definitely help you with Chinese. When I'm offline, you can usually find me visiting local museums."
166,Chad,Turkish,Korean,B2,"IT & Programming, Gaming, Languages, Reading",I'm mostly here to talk about building web applications and speedrunning retro platformers in Korean. Let's have a great conversation!
167,John,Turkish,Portuguese,C1,"Cooking, Photography, Art","Hi, I'm John. I'm a native Turkish speaker looking to practice my Portuguese. In my free time, I really enjoy experimenting with Italian cuisine and shooting on 35mm film."
168,Elizabeth,German,Japanese,C2,"Fashion, Gaming, Cooking, Anime","I want to improve my Japanese for future goals. I can definitely help you with German. When I'm offline, you can usually find me following runway trends."
169,Jason,Russian,Japanese,A1,"Science, Art, Nature, Music","Hi, I'm Jason. I'm a native Russian speaker looking to practice my Japanese. In my free time, I really enjoy keeping up with space exploration news and painting with watercolors."
170,David,Italian,Turkish,C1,"Psychology, IT & Programming, Fitness, Anime",Currently learning Turkish. I am super passionate about fixing bugs in my pet projects and would love to discuss it with native speakers!
171,Selena,Russian,English,B1,"Science, Art","I want to improve my English for future goals. I can definitely help you with Russian. When I'm offline, you can usually find me keeping up with space exploration news."
172,Ashley,English,Chinese,C1,"Music, Fashion, Anime","Hi, I'm Ashley. I'm a native English speaker looking to practice my Chinese. In my free time, I really enjoy playing the acoustic guitar and thrift shopping for vintage clothes."
173,Thomas,Turkish,Korean,A1,"Movies, Traveling, Languages",Currently learning Korean. I am super passionate about taking spontaneous road trips and would love to discuss it with native speakers!
174,Kristen,Italian,Japanese,C1,"Reading, Traveling, Movies","Hi, I'm Kristen. I'm a native Italian speaker looking to practice my Japanese. In my free time, I really enjoy reading fantasy series before bed and taking spontaneous road trips."
175,Lindsey,Arabic,Chinese,B1,"Science, Nature","Hello! My native language is Arabic. My main hobbies include learning about quantum mechanics, growing indoor houseplants, and just meeting new people from different countries."
176,James,Chinese,French,B2,"Anime, Science, Startups, Reading","Hi, I'm James. I'm a native Chinese speaker looking to practice my French. In my free time, I really enjoy watching seasonal Japanese animation and learning about quantum mechanics."
177,Collin,Japanese,Portuguese,A2,"Photography, History, Cooking, Gaming",Currently learning Portuguese. I am super passionate about visiting local museums and would love to discuss it with native speakers!
178,Ryan,Korean,Portuguese,C2,"Music, Fashion, Science",Currently learning Portuguese. I am super passionate about following runway trends and would love to discuss it with native speakers!
179,Rodney,Portuguese,Japanese,B1,"Traveling, Gaming, Fitness, Science","I want to improve my Japanese for future goals. I can definitely help you with Portuguese. When I'm offline, you can usually find me exploring new cultures and cities."
180,Stuart,Portuguese,Arabic,B2,"Sports, Gaming",Currently learning Arabic. I am super passionate about grinding ranks in e-sports titles and would love to discuss it with native speakers!
181,Jessica,Japanese,Portuguese,A1,"Sports, Fashion, Science, Startups",I'm mostly here to talk about training for a local marathon and following runway trends in Portuguese. Let's have a great conversation!
182,Emily,French,Italian,B1,"History, Reading, Art","I want to improve my Italian for future goals. I can definitely help you with French. When I'm offline, you can usually find me reading biographies of historical figures."
183,Tracey,Korean,Italian,B2,"Cooking, Reading, Psychology, Fashion","Hello! My native language is Korean. My main hobbies include baking desserts on weekends, reading fantasy series before bed, and just meeting new people from different countries."
184,Corey,German,Spanish,A2,"Fashion, Music",Currently learning Spanish. I am super passionate about going to live indie gigs and would love to discuss it with native speakers!
185,Richard,Arabic,Chinese,C2,"Psychology, Languages","I want to improve my Chinese for future goals. I can definitely help you with Arabic. When I'm offline, you can usually find me understanding personality types."
186,Matthew,Turkish,Arabic,A2,"Startups, Art, Cooking","I want to improve my Arabic for future goals. I can definitely help you with Turkish. When I'm offline, you can usually find me reading about venture capital."
187,Michelle,Korean,English,B1,"Languages, Science, Fashion, Sports",Currently learning English. I am super passionate about keeping up with space exploration news and would love to discuss it with native speakers!
188,John,Japanese,Korean,C1,"Nature, Gaming, Sports","Hello! My native language is Japanese. My main hobbies include bird watching in the forest, playing competitive multiplayer games, and just meeting new people from different countries."
189,James,Korean,Arabic,C1,"Sports, Psychology, Music",I'm mostly here to talk about playing football with friends and discussing mental health awareness in Arabic. Let's have a great conversation!
190,Shane,English,Spanish,C1,"Photography, Music","I want to improve my Spanish for future goals. I can definitely help you with English. When I'm offline, you can usually find me editing raw photos in Lightroom."
191,Robert,Chinese,Italian,B1,"Reading, Movies",Currently learning Italian. I am super passionate about discussing plot twists in thrillers and would love to discuss it with native speakers!
192,Joshua,Portuguese,Italian,A1,"Music, Sports, Languages, History","Hi, I'm Joshua. I'm a native Portuguese speaker looking to practice my Italian. In my free time, I really enjoy going to live indie gigs and going for morning runs."
193,John,English,Arabic,C1,"Movies, Nature, IT & Programming",Currently learning Arabic. I am super passionate about bird watching in the forest and would love to discuss it with native speakers!
194,Sandra,Korean,German,C2,"Photography, Fashion, Gaming","Hello! My native language is Korean. My main hobbies include shooting on 35mm film, thrift shopping for vintage clothes, and just meeting new people from different countries."
195,Scott,Japanese,Korean,B2,"History, Sports",Currently learning Korean. I am super passionate about watching the Champions League and would love to discuss it with native speakers!
196,Michelle,Japanese,French,B1,"Psychology, Cooking, History, Art",Currently learning French. I am super passionate about trying out new recipes and would love to discuss it with native speakers!
197,Andrea,Korean,German,A2,"Traveling, Photography","I want to improve my German for future goals. I can definitely help you with Korean. When I'm offline, you can usually find me visiting places I've never been before."
198,Brent,French,Chinese,C1,"History, Movies, Music, Anime",Currently learning Chinese. I am super passionate about analyzing directing styles and would love to discuss it with native speakers!
199,Yvette,Korean,English,A1,"Startups, Fashion, Art","Hi, I'm Yvette. I'm a native Korean speaker looking to practice my English. In my free time, I really enjoy reading about venture capital and putting together unique outfits."
200,Mary,English,Russian,B2,"Anime, Photography, IT & Programming, Cooking",Currently learning Russian. I am super passionate about editing raw photos in Lightroom and would love to discuss it with native speakers!
201,Tanya,Turkish,Chinese,B2,"Traveling, Fitness, Languages",I'm mostly here to talk about exploring new cultures and cities and practicing yoga in the mornings in Chinese. Let's have a great conversation!
202,Sara,Russian,Spanish,B2,"Fashion, Psychology, Reading, Cooking","Hello! My native language is Russian. My main hobbies include thrift shopping for vintage clothes, learning about human behavior, and just meeting new people from different countries."
203,Melinda,Chinese,Turkish,C1,"Sports, Movies, Startups","Hi, I'm Melinda. I'm a native Chinese speaker looking to practice my Turkish. In my free time, I really enjoy training for a local marathon and binge-watching classic cinema."
204,Gabriel,English,French,C2,"Anime, Startups, Fashion",Currently learning French. I am super passionate about reading about venture capital and would love to discuss it with native speakers!
205,Todd,Portuguese,Chinese,A2,"Photography, History, Startups","Hello! My native language is Portuguese. My main hobbies include capturing beautiful landscapes, visiting local museums, and just meeting new people from different countries."
206,Jason,English,Chinese,B1,"Cooking, Nature, Photography, IT & Programming",I'm mostly here to talk about spending hours in the kitchen making dinner and bird watching in the forest in Chinese. Let's have a great conversation!
207,Richard,Portuguese,German,C2,"Languages, Anime","I want to improve my German for future goals. I can definitely help you with Portuguese. When I'm offline, you can usually find me learning kanji characters."
208,Brian,Arabic,German,A1,"Cooking, Movies, IT & Programming, Fashion","I want to improve my German for future goals. I can definitely help you with Arabic. When I'm offline, you can usually find me experimenting with Italian cuisine."
209,Nicholas,Japanese,German,B2,"Anime, Traveling, Sports, Movies",I'm mostly here to talk about going to cosplay conventions and visiting places I've never been before in German. Let's have a great conversation!
210,Tricia,Japanese,Chinese,A2,"Psychology, History, Science","I want to improve my Chinese for future goals. I can definitely help you with Japanese. When I'm offline, you can usually find me understanding personality types."
211,Joseph,German,Russian,C1,"Art, Photography, Psychology",Currently learning Russian. I am super passionate about capturing beautiful landscapes and would love to discuss it with native speakers!
212,Kristen,Korean,Chinese,C1,"Reading, Photography, Cooking, Fitness","I want to improve my Chinese for future goals. I can definitely help you with Korean. When I'm offline, you can usually find me joining local book club discussions."
213,Spencer,Russian,English,B1,"Gaming, Science, Fashion, Reading","I want to improve my English for future goals. I can definitely help you with Russian. When I'm offline, you can usually find me getting lost in massive open-world RPGs."
214,Rodney,Italian,Russian,C1,"Reading, Sports, Cooking, Art",I'm mostly here to talk about collecting hardcover first editions and going for morning runs in Russian. Let's have a great conversation!
215,Susan,German,Arabic,A2,"Cooking, Nature","Hi, I'm Susan. I'm a native German speaker looking to practice my Arabic. In my free time, I really enjoy experimenting with Italian cuisine and growing indoor houseplants."
216,Wendy,Arabic,French,A1,"Music, Nature, Anime, Startups",Currently learning French. I am super passionate about bird watching in the forest and would love to discuss it with native speakers!
217,Angela,Russian,Arabic,A1,"Languages, Art","Hello! My native language is Russian. My main hobbies include doing my daily Duolingo streak, sketching portraits in my notebook, and just meeting new people from different countries."
218,Jennifer,French,English,B2,"Music, Photography, Traveling",I'm mostly here to talk about going to live indie gigs and doing street photography on weekends in English. Let's have a great conversation!
219,Eric,Portuguese,Spanish,B1,"Fashion, Psychology, Startups",I'm mostly here to talk about reading design magazines and reading cognitive science research in Spanish. Let's have a great conversation!
220,Kenneth,Korean,Russian,A2,"History, Music","I want to improve my Russian for future goals. I can definitely help you with Korean. When I'm offline, you can usually find me discussing 20th-century geopolitical events."
221,Tanya,English,Chinese,B1,"Movies, Music, Fitness, Nature","Hello! My native language is English. My main hobbies include going to midnight premieres, going to live indie gigs, and just meeting new people from different countries."
222,Beth,Arabic,Spanish,A2,"Anime, History",Currently learning Spanish. I am super passionate about reading biographies of historical figures and would love to discuss it with native speakers!
223,Amy,Japanese,German,B2,"History, Photography, IT & Programming","I want to improve my German for future goals. I can definitely help you with Japanese. When I'm offline, you can usually find me visiting local museums."
224,Julie,English,Arabic,A1,"Photography, Music, Fitness",Currently learning Arabic. I am super passionate about going to live indie gigs and would love to discuss it with native speakers!
225,Brian,Chinese,Portuguese,A2,"Sports, Anime",I'm mostly here to talk about playing football with friends and discussing my favorite shounen arcs in Portuguese. Let's have a great conversation!
226,Breanna,Chinese,Japanese,C2,"Anime, Psychology, Movies, Art",I'm mostly here to talk about watching seasonal Japanese animation and discussing mental health awareness in Japanese. Let's have a great conversation!
227,Wesley,Turkish,Chinese,A1,"Cooking, Traveling, Startups, Movies",Currently learning Chinese. I am super passionate about exploring new cultures and cities and would love to discuss it with native speakers!
228,Melissa,Italian,Korean,A1,"Movies, Anime, Gaming, Fashion","I want to improve my Korean for future goals. I can definitely help you with Italian. When I'm offline, you can usually find me binge-watching classic cinema."
229,Eric,Italian,Japanese,B2,"Traveling, Psychology, Fashion, Photography",Currently learning Japanese. I am super passionate about discussing mental health awareness and would love to discuss it with native speakers!
230,Susan,English,German,C1,"Traveling, Nature",I'm mostly here to talk about taking spontaneous road trips and hiking in the national parks in German. Let's have a great conversation!
231,Christopher,English,Spanish,B2,"Photography, Nature","Hello! My native language is English. My main hobbies include editing raw photos in Lightroom, camping over the weekend, and just meeting new people from different countries."
232,Jacob,Chinese,Japanese,B2,"Fitness, Gaming, Sports","I want to improve my Japanese for future goals. I can definitely help you with Chinese. When I'm offline, you can usually find me practicing yoga in the mornings."
233,Brooke,Italian,Japanese,C1,"Art, IT & Programming","Hello! My native language is Italian. My main hobbies include visiting contemporary galleries, reading about new tech frameworks, and just meeting new people from different countries."
234,Emma,Arabic,Italian,B2,"Fitness, Art, Psychology, Fashion",Currently learning Italian. I am super passionate about sketching portraits in my notebook and would love to discuss it with native speakers!
235,Joe,German,Spanish,A1,"Nature, IT & Programming, Art, Movies",I'm mostly here to talk about hiking in the national parks and writing code in Python in Spanish. Let's have a great conversation!
236,David,English,Korean,C1,"Traveling, Art, Languages, Fitness",I'm mostly here to talk about visiting places I've never been before and sketching portraits in my notebook in Korean. Let's have a great conversation!
237,Pamela,German,English,A2,"Photography, Art, History, Startups","I want to improve my English for future goals. I can definitely help you with German. When I'm offline, you can usually find me editing raw photos in Lightroom."
238,John,Arabic,Italian,A2,"Photography, Reading, Traveling",I'm mostly here to talk about editing raw photos in Lightroom and joining local book club discussions in Italian. Let's have a great conversation!
239,Brooke,Korean,English,B1,"Fitness, Startups, History, Nature",Currently learning English. I am super passionate about reading about venture capital and would love to discuss it with native speakers!
240,Christine,Japanese,French,C1,"Art, Languages, Photography","Hi, I'm Christine. I'm a native Japanese speaker looking to practice my French. In my free time, I really enjoy sketching portraits in my notebook and studying foreign grammar rules."
241,Robert,Italian,Japanese,B2,"Startups, Sports, Fitness, Art",Currently learning Japanese. I am super passionate about playing football with friends and would love to discuss it with native speakers!
242,Brandy,Arabic,Spanish,B2,"Gaming, Psychology, Movies","Hello! My native language is Arabic. My main hobbies include playing competitive multiplayer games, understanding personality types, and just meeting new people from different countries."
243,Alexandra,Arabic,Portuguese,C1,"Gaming, Movies","I want to improve my Portuguese for future goals. I can definitely help you with Arabic. When I'm offline, you can usually find me speedrunning retro platformers."
244,Sarah,Chinese,Russian,A1,"Movies, Cooking",I'm mostly here to talk about analyzing directing styles and baking desserts on weekends in Russian. Let's have a great conversation!
245,James,Turkish,German,B2,"Psychology, History","Hello! My native language is Turkish. My main hobbies include understanding personality types, discussing 20th-century geopolitical events, and just meeting new people from different countries."
246,Jennifer,Italian,Arabic,B1,"Reading, Science, Startups","Hi, I'm Jennifer. I'm a native Italian speaker looking to practice my Arabic. In my free time, I really enjoy joining local book club discussions and learning about quantum mechanics."
247,John,Turkish,Korean,B1,"Science, History",I'm mostly here to talk about learning about quantum mechanics and reading biographies of historical figures in Korean. Let's have a great conversation!
248,Randy,German,French,A1,"Psychology, Nature, Photography",Currently learning French. I am super passionate about camping over the weekend and would love to discuss it with native speakers!
249,Emily,German,Japanese,C1,"Anime, Psychology","Hello! My native language is German. My main hobbies include going to cosplay conventions, understanding personality types, and just meeting new people from different countries."
250,Kevin,Turkish,Arabic,C2,"Fashion, Music, Science",I'm mostly here to talk about thrift shopping for vintage clothes and playing the acoustic guitar in Arabic. Let's have a great conversation!
251,Leslie,Korean,French,C1,"Traveling, Startups, Languages, Gaming","Hello! My native language is Korean. My main hobbies include backpacking across Europe, pitching new business ideas, and just meeting new people from different countries."
252,Karen,French,Arabic,A2,"Sports, IT & Programming",Currently learning Arabic. I am super passionate about fixing bugs in my pet projects and would love to discuss it with native speakers!
253,Charles,English,Portuguese,C2,"Anime, Languages, IT & Programming, Startups","Hi, I'm Charles. I'm a native English speaker looking to practice my Portuguese. In my free time, I really enjoy discussing my favorite shounen arcs and doing my daily Duolingo streak."
254,Stephen,Italian,Russian,C1,"IT & Programming, Startups, Nature","Hi, I'm Stephen. I'm a native Italian speaker looking to practice my Russian. In my free time, I really enjoy building web applications and pitching new business ideas."
255,Yolanda,Italian,French,A2,"Startups, Reading","Hello! My native language is Italian. My main hobbies include building my own SaaS product, reading fantasy series before bed, and just meeting new people from different countries."
256,Wendy,Spanish,Chinese,B2,"Languages, Art, Psychology","Hi, I'm Wendy. I'm a native Spanish speaker looking to practice my Chinese. In my free time, I really enjoy doing language exchange calls and visiting contemporary galleries."
257,Charles,Spanish,Japanese,B2,"Psychology, Anime, Traveling","Hi, I'm Charles. I'm a native Spanish speaker looking to practice my Japanese. In my free time, I really enjoy learning about human behavior and reading the latest manga chapters."
258,Jason,Korean,Japanese,C2,"Languages, Cooking, Startups","I want to improve my Japanese for future goals. I can definitely help you with Korean. When I'm offline, you can usually find me doing my daily Duolingo streak."
259,Joseph,Turkish,Portuguese,B2,"Traveling, Gaming, Reading",Currently learning Portuguese. I am super passionate about speedrunning retro platformers and would love to discuss it with native speakers!
260,Sarah,English,German,C1,"Fitness, Gaming",I'm mostly here to talk about practicing yoga in the mornings and speedrunning retro platformers in German. Let's have a great conversation!
261,Nicole,German,Portuguese,B2,"Psychology, History, Fitness, Sports","Hi, I'm Nicole. I'm a native German speaker looking to practice my Portuguese. In my free time, I really enjoy learning about human behavior and visiting local museums."
262,Natasha,Spanish,Japanese,A2,"History, Fitness",Currently learning Japanese. I am super passionate about hitting the gym after work and would love to discuss it with native speakers!
263,Mike,Korean,Turkish,A2,"Psychology, Fitness, Nature","Hi, I'm Mike. I'm a native Korean speaker looking to practice my Turkish. In my free time, I really enjoy reading cognitive science research and tracking my macronutrients."
264,Eric,Portuguese,Russian,A2,"Gaming, Languages, Reading, Sports","Hello! My native language is Portuguese. My main hobbies include getting lost in massive open-world RPGs, learning kanji characters, and just meeting new people from different countries."
265,Martha,Chinese,Turkish,A1,"IT & Programming, Photography",Currently learning Turkish. I am super passionate about doing street photography on weekends and would love to discuss it with native speakers!
266,Jade,Spanish,French,A1,"Nature, Fashion","Hi, I'm Jade. I'm a native Spanish speaker looking to practice my French. In my free time, I really enjoy growing indoor houseplants and following runway trends."
267,Cheryl,Spanish,Chinese,C1,"History, Fitness","Hello! My native language is Spanish. My main hobbies include reading biographies of historical figures, practicing yoga in the mornings, and just meeting new people from different countries."
268,Vanessa,Japanese,Spanish,C2,"Art, Startups, Music, Fitness",Currently learning Spanish. I am super passionate about reading about venture capital and would love to discuss it with native speakers!
269,Destiny,Russian,Turkish,B2,"Gaming, Music","Hello! My native language is Russian. My main hobbies include getting lost in massive open-world RPGs, curating the perfect Spotify playlists, and just meeting new people from different countries."
270,Alan,Russian,Korean,A1,"Reading, Art, Anime","Hi, I'm Alan. I'm a native Russian speaker looking to practice my Korean. In my free time, I really enjoy collecting hardcover first editions and studying Renaissance masterpieces."
271,Lisa,French,Russian,A1,"History, Fitness, Languages","Hello! My native language is French. My main hobbies include discussing 20th-century geopolitical events, practicing yoga in the mornings, and just meeting new people from different countries."
272,Kevin,Arabic,Portuguese,A2,"History, Movies, Anime","Hello! My native language is Arabic. My main hobbies include visiting local museums, discussing plot twists in thrillers, and just meeting new people from different countries."
273,Elizabeth,Chinese,Russian,C2,"Anime, Art, History, Fitness",Currently learning Russian. I am super passionate about studying Renaissance masterpieces and would love to discuss it with native speakers!
274,Sheila,Spanish,Portuguese,A2,"Psychology, Music, IT & Programming, Fashion",Currently learning Portuguese. I am super passionate about producing electronic beats and would love to discuss it with native speakers!
275,Dennis,Turkish,Spanish,B2,"Anime, Sports, Photography, Art","Hello! My native language is Turkish. My main hobbies include going to cosplay conventions, playing football with friends, and just meeting new people from different countries."
276,Darrell,Japanese,Spanish,B2,"Anime, Fitness, Startups, Nature",I'm mostly here to talk about watching seasonal Japanese animation and practicing yoga in the mornings in Spanish. Let's have a great conversation!
277,Daniel,Portuguese,Arabic,A1,"Art, Science",I'm mostly here to talk about sketching portraits in my notebook and keeping up with space exploration news in Arabic. Let's have a great conversation!
278,Angela,Arabic,Turkish,C2,"History, Nature, Cooking",Currently learning Turkish. I am super passionate about hiking in the national parks and would love to discuss it with native speakers!
279,Joseph,German,Italian,C2,"Psychology, Art, Fashion, Science",I'm mostly here to talk about discussing mental health awareness and studying Renaissance masterpieces in Italian. Let's have a great conversation!
280,Cassandra,Turkish,Italian,A2,"IT & Programming, Anime, Cooking","Hi, I'm Cassandra. I'm a native Turkish speaker looking to practice my Italian. In my free time, I really enjoy reading about new tech frameworks and discussing my favorite shounen arcs."
281,Jennifer,Spanish,French,B1,"History, Fashion, Movies","Hello! My native language is Spanish. My main hobbies include discussing 20th-century geopolitical events, putting together unique outfits, and just meeting new people from different countries."
282,James,Spanish,Korean,C2,"Fashion, History, Gaming, Photography","Hi, I'm James. I'm a native Spanish speaker looking to practice my Korean. In my free time, I really enjoy following runway trends and reading biographies of historical figures."
283,Cynthia,Chinese,Arabic,A1,"Music, Art, Startups, Languages",I'm mostly here to talk about playing the acoustic guitar and painting with watercolors in Arabic. Let's have a great conversation!
284,Joseph,Japanese,Korean,A2,"Music, Languages, Nature",I'm mostly here to talk about producing electronic beats and doing my daily Duolingo streak in Korean. Let's have a great conversation!
285,Tracy,German,Korean,C1,"Fitness, IT & Programming, Movies","Hi, I'm Tracy. I'm a native German speaker looking to practice my Korean. In my free time, I really enjoy doing crossfit workouts and reading about new tech frameworks."
286,Rebecca,Portuguese,Spanish,C1,"Science, History","Hi, I'm Rebecca. I'm a native Portuguese speaker looking to practice my Spanish. In my free time, I really enjoy reading popular physics books and discussing 20th-century geopolitical events."
287,Meghan,Russian,Arabic,B2,"History, Fitness, Psychology, Cooking","Hello! My native language is Russian. My main hobbies include visiting local museums, practicing yoga in the mornings, and just meeting new people from different countries."
288,Christopher,Portuguese,French,C2,"Photography, Gaming, Sports, History",Currently learning French. I am super passionate about speedrunning retro platformers and would love to discuss it with native speakers!
289,Rodney,Spanish,French,B1,"Sports, Startups, Fitness, Nature","Hello! My native language is Spanish. My main hobbies include playing football with friends, networking with local entrepreneurs, and just meeting new people from different countries."
290,Joshua,French,Korean,C2,"Music, Psychology, Languages, Anime","I want to improve my Korean for future goals. I can definitely help you with French. When I'm offline, you can usually find me curating the perfect Spotify playlists."
291,Adam,Chinese,Korean,C1,"Science, IT & Programming","I want to improve my Korean for future goals. I can definitely help you with Chinese. When I'm offline, you can usually find me learning about quantum mechanics."
292,Kellie,Japanese,Italian,C1,"Anime, Nature, Languages, Psychology","I want to improve my Italian for future goals. I can definitely help you with Japanese. When I'm offline, you can usually find me discussing my favorite shounen arcs."
293,Dana,Spanish,Portuguese,A1,"Photography, Traveling",I'm mostly here to talk about doing street photography on weekends and exploring new cultures and cities in Portuguese. Let's have a great conversation!
294,Jose,Russian,French,B2,"Anime, Psychology, Startups, Cooking",I'm mostly here to talk about watching seasonal Japanese animation and understanding personality types in French. Let's have a great conversation!
295,Joyce,Chinese,Italian,A1,"Fashion, Psychology, Movies, Nature",Currently learning Italian. I am super passionate about reading cognitive science research and would love to discuss it with native speakers!
296,Andrea,English,Korean,B1,"Gaming, Fashion, Cooking",I'm mostly here to talk about speedrunning retro platformers and thrift shopping for vintage clothes in Korean. Let's have a great conversation!
297,Ronald,Turkish,Chinese,C2,"Nature, Music, Sports, Movies",I'm mostly here to talk about camping over the weekend and going to live indie gigs in Chinese. Let's have a great conversation!
298,Alec,Chinese,Italian,B1,"Psychology, Music, History, Photography",I'm mostly here to talk about understanding personality types and curating the perfect Spotify playlists in Italian. Let's have a great conversation!
299,Charles,Arabic,Spanish,A2,"Traveling, Reading, Sports","I want to improve my Spanish for future goals. I can definitely help you with Arabic. When I'm offline, you can usually find me exploring new cultures and cities."
300,Nicole,Turkish,Chinese,A2,"Fitness, Anime, Sports, Reading","Hello! My native language is Turkish. My main hobbies include tracking my macronutrients, discussing my favorite shounen arcs, and just meeting new people from different countries."
301,Rebecca,Spanish,Arabic,A1,"Startups, Reading, Science",Currently learning Arabic. I am super passionate about joining local book club discussions and would love to discuss it with native speakers!
302,Amy,Portuguese,English,C2,"Fashion, Science","I want to improve my English for future goals. I can definitely help you with Portuguese. When I'm offline, you can usually find me following runway trends."
303,Mary,Japanese,German,B2,"History, Photography, Languages",Currently learning German. I am super passionate about capturing beautiful landscapes and would love to discuss it with native speakers!
304,Brandi,Arabic,English,A1,"Fashion, IT & Programming","Hello! My native language is Arabic. My main hobbies include following runway trends, building web applications, and just meeting new people from different countries."
305,Earl,Korean,English,B2,"Sports, Photography","Hi, I'm Earl. I'm a native Korean speaker looking to practice my English. In my free time, I really enjoy playing football with friends and doing street photography on weekends."
306,David,Arabic,Chinese,B1,"Science, Music",Currently learning Chinese. I am super passionate about producing electronic beats and would love to discuss it with native speakers!
307,Kyle,Turkish,German,B2,"Gaming, Cooking, IT & Programming, Movies","I want to improve my German for future goals. I can definitely help you with Turkish. When I'm offline, you can usually find me getting lost in massive open-world RPGs."
308,Rachel,Portuguese,German,C1,"Fashion, IT & Programming, Psychology, History","I want to improve my German for future goals. I can definitely help you with Portuguese. When I'm offline, you can usually find me following runway trends."
309,Laura,Korean,Spanish,A2,"Gaming, Cooking, Psychology",Currently learning Spanish. I am super passionate about experimenting with Italian cuisine and would love to discuss it with native speakers!
310,Michelle,French,Japanese,A2,"Sports, Gaming, Startups, IT & Programming",Currently learning Japanese. I am super passionate about getting lost in massive open-world RPGs and would love to discuss it with native speakers!
311,Rachel,Turkish,German,C2,"Sports, Nature, Fashion, Movies","I want to improve my German for future goals. I can definitely help you with Turkish. When I'm offline, you can usually find me going for morning runs."
312,Jason,Spanish,Portuguese,C2,"Science, Nature, History",Currently learning Portuguese. I am super passionate about camping over the weekend and would love to discuss it with native speakers!
313,John,Arabic,Spanish,A2,"Photography, IT & Programming, Languages, Movies",Currently learning Spanish. I am super passionate about fixing bugs in my pet projects and would love to discuss it with native speakers!
314,Curtis,Arabic,English,A2,"Fitness, Cooking, Art",I'm mostly here to talk about tracking my macronutrients and trying out new recipes in English. Let's have a great conversation!
315,Kimberly,English,Chinese,B1,"Fitness, Nature","Hello! My native language is English. My main hobbies include practicing yoga in the mornings, camping over the weekend, and just meeting new people from different countries."
316,Nicole,Spanish,English,C1,"IT & Programming, Reading","Hi, I'm Nicole. I'm a native Spanish speaker looking to practice my English. In my free time, I really enjoy building web applications and devouring sci-fi novels."
317,Richard,Japanese,Italian,B1,"Startups, Nature, Psychology, Fitness",Currently learning Italian. I am super passionate about camping over the weekend and would love to discuss it with native speakers!
318,Christine,Spanish,Russian,A1,"Movies, Sports, History, Fitness","Hello! My native language is Spanish. My main hobbies include binge-watching classic cinema, watching the Champions League, and just meeting new people from different countries."
319,Eric,Turkish,German,A1,"Gaming, Nature",I'm mostly here to talk about playing competitive multiplayer games and growing indoor houseplants in German. Let's have a great conversation!
320,Sarah,Portuguese,English,B1,"Music, Cooking, IT & Programming, Sports","Hello! My native language is Portuguese. My main hobbies include going to live indie gigs, baking desserts on weekends, and just meeting new people from different countries."
321,Michelle,Chinese,Italian,C1,"Reading, Music, Science, Sports","Hi, I'm Michelle. I'm a native Chinese speaker looking to practice my Italian. In my free time, I really enjoy reading fantasy series before bed and going to live indie gigs."
322,Theresa,Chinese,Japanese,B1,"Gaming, Reading, Languages, Anime","Hi, I'm Theresa. I'm a native Chinese speaker looking to practice my Japanese. In my free time, I really enjoy getting lost in massive open-world RPGs and reading fantasy series before bed."
323,Lisa,Korean,Portuguese,A2,"Music, Reading, Cooking",I'm mostly here to talk about going to live indie gigs and collecting hardcover first editions in Portuguese. Let's have a great conversation!
324,Nicole,English,Turkish,A1,"Traveling, Anime","I want to improve my Turkish for future goals. I can definitely help you with English. When I'm offline, you can usually find me taking spontaneous road trips."
325,Angel,French,English,C1,"Nature, Art, History, Psychology",Currently learning English. I am super passionate about painting with watercolors and would love to discuss it with native speakers!
326,Jill,Spanish,Portuguese,B1,"Startups, Traveling",I'm mostly here to talk about reading about venture capital and exploring new cultures and cities in Portuguese. Let's have a great conversation!
327,Martin,English,Japanese,A1,"Photography, Languages, History","Hi, I'm Martin. I'm a native English speaker looking to practice my Japanese. In my free time, I really enjoy shooting on 35mm film and studying foreign grammar rules."
328,Sarah,Chinese,German,B1,"Photography, Art, Fashion, Science",I'm mostly here to talk about capturing beautiful landscapes and sketching portraits in my notebook in German. Let's have a great conversation!
329,Leah,German,French,A1,"IT & Programming, Art, Science","Hi, I'm Leah. I'm a native German speaker looking to practice my French. In my free time, I really enjoy writing code in Python and painting with watercolors."
330,Michelle,Arabic,Japanese,C2,"Photography, Cooking, Movies, Art","Hi, I'm Michelle. I'm a native Arabic speaker looking to practice my Japanese. In my free time, I really enjoy capturing beautiful landscapes and spending hours in the kitchen making dinner."
331,Lisa,French,Russian,A1,"Art, Startups","Hello! My native language is French. My main hobbies include studying Renaissance masterpieces, building my own SaaS product, and just meeting new people from different countries."
332,Joseph,Turkish,Spanish,C1,"Startups, Sports",I'm mostly here to talk about networking with local entrepreneurs and going for morning runs in Spanish. Let's have a great conversation!
333,Kristin,Portuguese,English,B2,"Sports, Art, Photography, Reading",Currently learning English. I am super passionate about studying Renaissance masterpieces and would love to discuss it with native speakers!
334,Daniel,Chinese,Korean,B1,"Gaming, Movies","I want to improve my Korean for future goals. I can definitely help you with Chinese. When I'm offline, you can usually find me speedrunning retro platformers."
335,Monica,Spanish,French,B2,"History, Nature, Cooking","Hello! My native language is Spanish. My main hobbies include visiting local museums, camping over the weekend, and just meeting new people from different countries."
336,Michele,Russian,Korean,B1,"Gaming, Music","I want to improve my Korean for future goals. I can definitely help you with Russian. When I'm offline, you can usually find me grinding ranks in e-sports titles."
337,Jeffrey,Chinese,French,A1,"Art, Science, Fitness, Traveling","I want to improve my French for future goals. I can definitely help you with Chinese. When I'm offline, you can usually find me painting with watercolors."
338,Lisa,English,Japanese,B2,"Psychology, Art, Cooking, Fashion","Hi, I'm Lisa. I'm a native English speaker looking to practice my Japanese. In my free time, I really enjoy learning about human behavior and sketching portraits in my notebook."
339,Steven,English,Turkish,A2,"Movies, Fitness",I'm mostly here to talk about going to midnight premieres and hitting the gym after work in Turkish. Let's have a great conversation!
340,Kevin,Portuguese,Russian,A1,"Gaming, Movies","Hi, I'm Kevin. I'm a native Portuguese speaker looking to practice my Russian. In my free time, I really enjoy getting lost in massive open-world RPGs and discussing plot twists in thrillers."
341,Laura,Chinese,Spanish,A1,"Traveling, Music, Nature","Hi, I'm Laura. I'm a native Chinese speaker looking to practice my Spanish. In my free time, I really enjoy visiting places I've never been before and producing electronic beats."
342,Jeremy,Japanese,Arabic,B2,"Science, Movies",Currently learning Arabic. I am super passionate about going to midnight premieres and would love to discuss it with native speakers!
343,Andrew,Korean,French,A1,"Art, Photography, Anime, Nature","Hi, I'm Andrew. I'm a native Korean speaker looking to practice my French. In my free time, I really enjoy studying Renaissance masterpieces and shooting on 35mm film."
344,James,Russian,Japanese,A2,"Movies, Startups, Art",Currently learning Japanese. I am super passionate about networking with local entrepreneurs and would love to discuss it with native speakers!
345,Mark,Korean,Italian,B2,"Languages, Startups, History","I want to improve my Italian for future goals. I can definitely help you with Korean. When I'm offline, you can usually find me studying foreign grammar rules."
346,Michelle,English,Chinese,C1,"IT & Programming, Reading",I'm mostly here to talk about writing code in Python and joining local book club discussions in Chinese. Let's have a great conversation!
347,Tammy,Chinese,Portuguese,A2,"Cooking, Art",I'm mostly here to talk about baking desserts on weekends and painting with watercolors in Portuguese. Let's have a great conversation!
348,Joshua,Turkish,English,A2,"Fitness, Science, Music, Startups",Currently learning English. I am super passionate about discussing biotech breakthroughs and would love to discuss it with native speakers!
349,Darlene,Portuguese,English,C2,"Science, Sports, Movies, Anime","Hello! My native language is Portuguese. My main hobbies include discussing biotech breakthroughs, playing football with friends, and just meeting new people from different countries."
350,Ricardo,English,Spanish,A1,"Art, IT & Programming",Currently learning Spanish. I am super passionate about writing code in Python and would love to discuss it with native speakers!
351,Tina,Portuguese,German,A2,"Music, History, Traveling",I'm mostly here to talk about going to live indie gigs and watching documentaries about ancient Rome in German. Let's have a great conversation!
352,Amanda,Turkish,French,A1,"Science, Gaming, Languages, Fitness",Currently learning French. I am super passionate about grinding ranks in e-sports titles and would love to discuss it with native speakers!
353,Sheila,Chinese,French,A2,"Nature, Anime, History, Music",I'm mostly here to talk about bird watching in the forest and reading the latest manga chapters in French. Let's have a great conversation!
354,Darrell,French,Japanese,B1,"Photography, Sports, Music, IT & Programming","I want to improve my Japanese for future goals. I can definitely help you with French. When I'm offline, you can usually find me capturing beautiful landscapes."
355,Tara,Portuguese,Chinese,C1,"Languages, Cooking",Currently learning Chinese. I am super passionate about baking desserts on weekends and would love to discuss it with native speakers!
356,Gregory,Turkish,Spanish,A2,"History, Music, Gaming","Hi, I'm Gregory. I'm a native Turkish speaker looking to practice my Spanish. In my free time, I really enjoy visiting local museums and producing electronic beats."
357,Sydney,Russian,German,A2,"Gaming, Science, Reading, Cooking","Hello! My native language is Russian. My main hobbies include playing competitive multiplayer games, keeping up with space exploration news, and just meeting new people from different countries."
358,Joseph,Korean,Japanese,A2,"Anime, Fitness, Science","Hello! My native language is Korean. My main hobbies include discussing my favorite shounen arcs, hitting the gym after work, and just meeting new people from different countries."
359,Daniel,Portuguese,Arabic,C2,"Music, Fashion",Currently learning Arabic. I am super passionate about following runway trends and would love to discuss it with native speakers!
360,Ryan,English,Chinese,B1,"Gaming, History","I want to improve my Chinese for future goals. I can definitely help you with English. When I'm offline, you can usually find me speedrunning retro platformers."
361,Jessica,Turkish,Spanish,C1,"History, Anime","I want to improve my Spanish for future goals. I can definitely help you with Turkish. When I'm offline, you can usually find me reading biographies of historical figures."
362,Lee,Portuguese,Japanese,A2,"Cooking, History","Hello! My native language is Portuguese. My main hobbies include baking desserts on weekends, watching documentaries about ancient Rome, and just meeting new people from different countries."
363,Catherine,Turkish,Italian,C2,"Psychology, Reading, Photography, Startups","Hi, I'm Catherine. I'm a native Turkish speaker looking to practice my Italian. In my free time, I really enjoy reading cognitive science research and devouring sci-fi novels."
364,William,Japanese,Portuguese,C1,"Sports, Traveling, Science","Hi, I'm William. I'm a native Japanese speaker looking to practice my Portuguese. In my free time, I really enjoy going for morning runs and visiting places I've never been before."
365,Paul,Russian,Arabic,C2,"Anime, Movies, Cooking, IT & Programming",Currently learning Arabic. I am super passionate about discussing plot twists in thrillers and would love to discuss it with native speakers!
366,Barbara,Spanish,Korean,A1,"Fitness, Anime, Psychology",I'm mostly here to talk about practicing yoga in the mornings and watching seasonal Japanese animation in Korean. Let's have a great conversation!
367,Jonathan,Japanese,French,B1,"Science, Music, Fashion","Hello! My native language is Japanese. My main hobbies include keeping up with space exploration news, curating the perfect Spotify playlists, and just meeting new people from different countries."
368,Jeanne,Korean,Russian,A2,"Languages, Traveling, Sports",Currently learning Russian. I am super passionate about backpacking across Europe and would love to discuss it with native speakers!
369,Aaron,Italian,Japanese,C1,"Psychology, Traveling",I'm mostly here to talk about discussing mental health awareness and visiting places I've never been before in Japanese. Let's have a great conversation!
370,Sara,Arabic,Korean,C1,"Anime, Photography","Hi, I'm Sara. I'm a native Arabic speaker looking to practice my Korean. In my free time, I really enjoy watching seasonal Japanese animation and capturing beautiful landscapes."
371,Amanda,Italian,Portuguese,C1,"Sports, Cooking, Fashion, Music","I want to improve my Portuguese for future goals. I can definitely help you with Italian. When I'm offline, you can usually find me playing football with friends."
372,Jennifer,French,English,B2,"Nature, Movies",Currently learning English. I am super passionate about going to midnight premieres and would love to discuss it with native speakers!
373,Judy,Turkish,Spanish,A1,"Psychology, Fitness, History","Hi, I'm Judy. I'm a native Turkish speaker looking to practice my Spanish. In my free time, I really enjoy understanding personality types and tracking my macronutrients."
374,Emily,Turkish,Portuguese,C1,"Nature, Cooking, Languages, Sports","Hi, I'm Emily. I'm a native Turkish speaker looking to practice my Portuguese. In my free time, I really enjoy camping over the weekend and trying out new recipes."
375,Michael,Portuguese,Spanish,B1,"Science, Nature, Reading, Fitness","Hi, I'm Michael. I'm a native Portuguese speaker looking to practice my Spanish. In my free time, I really enjoy learning about quantum mechanics and growing indoor houseplants."
376,Chad,French,Russian,B2,"Fitness, Traveling","I want to improve my Russian for future goals. I can definitely help you with French. When I'm offline, you can usually find me tracking my macronutrients."
377,Elizabeth,English,Korean,B1,"IT & Programming, History, Photography","Hello! My native language is English. My main hobbies include reading about new tech frameworks, visiting local museums, and just meeting new people from different countries."
378,Mark,Turkish,Arabic,A1,"Sports, Photography",Currently learning Arabic. I am super passionate about doing street photography on weekends and would love to discuss it with native speakers!
379,Lee,Turkish,Japanese,C1,"Gaming, Movies, Fashion, Psychology",I'm mostly here to talk about getting lost in massive open-world RPGs and analyzing directing styles in Japanese. Let's have a great conversation!
380,Melanie,Chinese,English,C1,"Gaming, Photography",I'm mostly here to talk about getting lost in massive open-world RPGs and editing raw photos in Lightroom in English. Let's have a great conversation!
381,Jennifer,Portuguese,English,A2,"Movies, Traveling","Hello! My native language is Portuguese. My main hobbies include discussing plot twists in thrillers, backpacking across Europe, and just meeting new people from different countries."
382,Kevin,English,Chinese,C2,"Reading, Science","Hi, I'm Kevin. I'm a native English speaker looking to practice my Chinese. In my free time, I really enjoy joining local book club discussions and learning about quantum mechanics."
383,Kyle,Arabic,English,A2,"Anime, Fashion, Music",Currently learning English. I am super passionate about putting together unique outfits and would love to discuss it with native speakers!
384,Ricky,French,Russian,C2,"Gaming, Photography, IT & Programming, Fitness",I'm mostly here to talk about playing competitive multiplayer games and editing raw photos in Lightroom in Russian. Let's have a great conversation!
385,Richard,German,Turkish,C2,"Movies, Reading","Hi, I'm Richard. I'm a native German speaker looking to practice my Turkish. In my free time, I really enjoy analyzing directing styles and devouring sci-fi novels."
386,Kenneth,Korean,French,C2,"IT & Programming, Art",Currently learning French. I am super passionate about painting with watercolors and would love to discuss it with native speakers!
387,David,Japanese,Turkish,B1,"Reading, Movies, Fashion",I'm mostly here to talk about reading fantasy series before bed and analyzing directing styles in Turkish. Let's have a great conversation!
388,Robert,Spanish,English,C1,"Science, Psychology, Photography, Startups","Hi, I'm Robert. I'm a native Spanish speaker looking to practice my English. In my free time, I really enjoy keeping up with space exploration news and discussing mental health awareness."
389,Shelby,Chinese,Russian,C2,"Reading, Languages, Photography",I'm mostly here to talk about collecting hardcover first editions and learning kanji characters in Russian. Let's have a great conversation!
390,Erica,German,English,C1,"History, Sports, IT & Programming",Currently learning English. I am super passionate about watching the Champions League and would love to discuss it with native speakers!
391,Raven,Japanese,Turkish,B2,"Traveling, Movies, History, Art",I'm mostly here to talk about visiting places I've never been before and going to midnight premieres in Turkish. Let's have a great conversation!
392,Christina,Russian,French,C2,"Music, Photography, Cooking, Anime",I'm mostly here to talk about playing the acoustic guitar and doing street photography on weekends in French. Let's have a great conversation!
393,Kevin,French,Arabic,B1,"Gaming, Art, Science, Psychology",Currently learning Arabic. I am super passionate about studying Renaissance masterpieces and would love to discuss it with native speakers!
394,Amy,Chinese,Russian,C1,"Fashion, Cooking, Anime","Hello! My native language is Chinese. My main hobbies include following runway trends, trying out new recipes, and just meeting new people from different countries."
395,Aaron,German,Italian,A1,"Fitness, Startups, Photography, Nature","I want to improve my Italian for future goals. I can definitely help you with German. When I'm offline, you can usually find me hitting the gym after work."
396,Justin,German,Chinese,B2,"Fashion, Sports, History, Music",Currently learning Chinese. I am super passionate about training for a local marathon and would love to discuss it with native speakers!
397,Russell,Arabic,French,B1,"Traveling, IT & Programming, Fashion, Reading",I'm mostly here to talk about exploring new cultures and cities and building web applications in French. Let's have a great conversation!
398,Bethany,French,Korean,A1,"Nature, Languages","Hello! My native language is French. My main hobbies include growing indoor houseplants, studying foreign grammar rules, and just meeting new people from different countries."
399,Diana,Japanese,English,A1,"Movies, Science, IT & Programming, History","Hi, I'm Diana. I'm a native Japanese speaker looking to practice my English. In my free time, I really enjoy discussing plot twists in thrillers and keeping up with space exploration news."
400,Steven,Arabic,German,A2,"Science, Photography, Sports, Cooking","I want to improve my German for future goals. I can definitely help you with Arabic. When I'm offline, you can usually find me learning about quantum mechanics."
401,Scott,Spanish,English,B1,"Fashion, Startups, Psychology","I want to improve my English for future goals. I can definitely help you with Spanish. When I'm offline, you can usually find me putting together unique outfits."
402,Jason,Chinese,Korean,B1,"Music, Fitness","I want to improve my Korean for future goals. I can definitely help you with Chinese. When I'm offline, you can usually find me going to live indie gigs."
403,Thomas,Turkish,French,A2,"IT & Programming, Startups, Music, Cooking","Hello! My native language is Turkish. My main hobbies include reading about new tech frameworks, pitching new business ideas, and just meeting new people from different countries."
404,Rachel,Arabic,Russian,C1,"Traveling, Languages, Cooking, IT & Programming","Hello! My native language is Arabic. My main hobbies include backpacking across Europe, doing my daily Duolingo streak, and just meeting new people from different countries."
405,Laura,Korean,Japanese,A1,"Reading, Anime, Sports, Movies","Hello! My native language is Korean. My main hobbies include devouring sci-fi novels, going to cosplay conventions, and just meeting new people from different countries."
406,Gene,Arabic,Spanish,C2,"Reading, Sports, Nature, Cooking","Hi, I'm Gene. I'm a native Arabic speaker looking to practice my Spanish. In my free time, I really enjoy devouring sci-fi novels and watching the Champions League."
407,Christopher,Spanish,Korean,A2,"Movies, Reading, Startups, Languages",Currently learning Korean. I am super passionate about joining local book club discussions and would love to discuss it with native speakers!
408,Zachary,French,English,C1,"Movies, Anime, History","Hi, I'm Zachary. I'm a native French speaker looking to practice my English. In my free time, I really enjoy discussing plot twists in thrillers and watching seasonal Japanese animation."
409,Cynthia,Arabic,Spanish,A1,"Anime, Sports, Gaming, Startups","I want to improve my Spanish for future goals. I can definitely help you with Arabic. When I'm offline, you can usually find me watching seasonal Japanese animation."
410,Matthew,Korean,Russian,B1,"Traveling, Cooking, Music",Currently learning Russian. I am super passionate about experimenting with Italian cuisine and would love to discuss it with native speakers!
411,Loretta,Arabic,Chinese,B2,"Cooking, Languages, Traveling, IT & Programming",Currently learning Chinese. I am super passionate about learning kanji characters and would love to discuss it with native speakers!
412,Karen,Chinese,Korean,C1,"Gaming, Science, History","Hello! My native language is Chinese. My main hobbies include speedrunning retro platformers, keeping up with space exploration news, and just meeting new people from different countries."
413,Emily,Japanese,Korean,B1,"Anime, Nature, Music","Hi, I'm Emily. I'm a native Japanese speaker looking to practice my Korean. In my free time, I really enjoy watching seasonal Japanese animation and camping over the weekend."
414,Jeffrey,French,Spanish,B2,"Anime, Fashion, Music, Fitness","I want to improve my Spanish for future goals. I can definitely help you with French. When I'm offline, you can usually find me going to cosplay conventions."
415,James,Korean,Turkish,A1,"Fashion, Traveling, Gaming","Hi, I'm James. I'm a native Korean speaker looking to practice my Turkish. In my free time, I really enjoy putting together unique outfits and taking spontaneous road trips."
416,Andrew,Turkish,Arabic,C1,"Languages, Art, History, Cooking","Hello! My native language is Turkish. My main hobbies include studying foreign grammar rules, sketching portraits in my notebook, and just meeting new people from different countries."
417,John,Chinese,Arabic,C2,"Fitness, Sports, Traveling, IT & Programming","Hello! My native language is Chinese. My main hobbies include doing crossfit workouts, training for a local marathon, and just meeting new people from different countries."
418,Thomas,French,Spanish,B2,"Art, History, Reading",I'm mostly here to talk about visiting contemporary galleries and watching documentaries about ancient Rome in Spanish. Let's have a great conversation!
419,Melissa,Arabic,Japanese,B2,"Gaming, Fashion","Hi, I'm Melissa. I'm a native Arabic speaker looking to practice my Japanese. In my free time, I really enjoy getting lost in massive open-world RPGs and reading design magazines."
420,Charles,Korean,Turkish,B1,"Anime, IT & Programming","Hello! My native language is Korean. My main hobbies include watching seasonal Japanese animation, fixing bugs in my pet projects, and just meeting new people from different countries."
421,Robert,English,Italian,C1,"Gaming, Photography",Currently learning Italian. I am super passionate about capturing beautiful landscapes and would love to discuss it with native speakers!
422,Crystal,Chinese,English,A2,"History, Psychology, Anime","Hi, I'm Crystal. I'm a native Chinese speaker looking to practice my English. In my free time, I really enjoy visiting local museums and discussing mental health awareness."
423,James,Spanish,Arabic,A2,"History, Science","Hi, I'm James. I'm a native Spanish speaker looking to practice my Arabic. In my free time, I really enjoy visiting local museums and discussing biotech breakthroughs."
424,Heather,English,French,B2,"Nature, Cooking","I want to improve my French for future goals. I can definitely help you with English. When I'm offline, you can usually find me bird watching in the forest."
425,Troy,Spanish,Japanese,A2,"Movies, History, Cooking",I'm mostly here to talk about analyzing directing styles and reading biographies of historical figures in Japanese. Let's have a great conversation!
426,John,Spanish,Korean,B2,"Languages, Startups, Sports, Anime",I'm mostly here to talk about doing my daily Duolingo streak and pitching new business ideas in Korean. Let's have a great conversation!
427,Diana,Japanese,Portuguese,B2,"Music, Languages, Sports, Cooking",I'm mostly here to talk about producing electronic beats and doing language exchange calls in Portuguese. Let's have a great conversation!
428,Adam,Japanese,Turkish,C1,"Art, Reading, Fitness, History","I want to improve my Turkish for future goals. I can definitely help you with Japanese. When I'm offline, you can usually find me painting with watercolors."
429,Karen,French,Japanese,C1,"Startups, Photography, History, Movies",I'm mostly here to talk about reading about venture capital and editing raw photos in Lightroom in Japanese. Let's have a great conversation!
430,Kayla,Turkish,Russian,C2,"Sports, Music, Startups",Currently learning Russian. I am super passionate about going to live indie gigs and would love to discuss it with native speakers!
431,Daniel,Italian,Korean,C1,"Nature, Psychology, Photography, Languages","Hi, I'm Daniel. I'm a native Italian speaker looking to practice my Korean. In my free time, I really enjoy hiking in the national parks and learning about human behavior."
432,Ronald,Japanese,French,A1,"Traveling, Movies, Reading, Music","I want to improve my French for future goals. I can definitely help you with Japanese. When I'm offline, you can usually find me taking spontaneous road trips."
433,Gregory,English,Russian,A2,"Traveling, Science, Fashion, Cooking","I want to improve my Russian for future goals. I can definitely help you with English. When I'm offline, you can usually find me exploring new cultures and cities."
434,Susan,Italian,Russian,C2,"Traveling, Fitness, Psychology, Nature","Hi, I'm Susan. I'm a native Italian speaker looking to practice my Russian. In my free time, I really enjoy taking spontaneous road trips and hitting the gym after work."
435,April,Turkish,Russian,A2,"Fashion, Art, Science, Movies","Hello! My native language is Turkish. My main hobbies include thrift shopping for vintage clothes, painting with watercolors, and just meeting new people from different countries."
436,Brent,French,Arabic,A1,"Music, Startups","Hi, I'm Brent. I'm a native French speaker looking to practice my Arabic. In my free time, I really enjoy going to live indie gigs and networking with local entrepreneurs."
437,John,Japanese,Russian,C1,"Sports, Music, Reading","Hello! My native language is Japanese. My main hobbies include going for morning runs, curating the perfect Spotify playlists, and just meeting new people from different countries."
438,Melinda,Turkish,French,A1,"History, Traveling",I'm mostly here to talk about visiting local museums and visiting places I've never been before in French. Let's have a great conversation!
439,Stephen,Italian,Chinese,A1,"History, Startups, Art, Music","Hello! My native language is Italian. My main hobbies include reading biographies of historical figures, reading about venture capital, and just meeting new people from different countries."
440,Laurie,Italian,Turkish,B2,"Science, Art",Currently learning Turkish. I am super passionate about painting with watercolors and would love to discuss it with native speakers!
441,Elizabeth,Chinese,Russian,A2,"Startups, Anime, IT & Programming, Cooking","I want to improve my Russian for future goals. I can definitely help you with Chinese. When I'm offline, you can usually find me building my own SaaS product."
442,Vanessa,Arabic,Portuguese,C1,"Traveling, History","Hello! My native language is Arabic. My main hobbies include visiting places I've never been before, reading biographies of historical figures, and just meeting new people from different countries."
443,Caitlin,Russian,Italian,C2,"IT & Programming, Startups, Science","Hi, I'm Caitlin. I'm a native Russian speaker looking to practice my Italian. In my free time, I really enjoy fixing bugs in my pet projects and networking with local entrepreneurs."
444,Stephanie,Russian,Arabic,A2,"Startups, Gaming, Cooking","Hi, I'm Stephanie. I'm a native Russian speaker looking to practice my Arabic. In my free time, I really enjoy reading about venture capital and playing competitive multiplayer games."
445,Patricia,German,Arabic,C2,"Nature, Cooking","Hi, I'm Patricia. I'm a native German speaker looking to practice my Arabic. In my free time, I really enjoy camping over the weekend and spending hours in the kitchen making dinner."
446,Cheyenne,Turkish,Arabic,A2,"Fashion, History","Hi, I'm Cheyenne. I'm a native Turkish speaker looking to practice my Arabic. In my free time, I really enjoy following runway trends and reading biographies of historical figures."
447,Jennifer,English,French,B1,"Gaming, Art, Reading, Nature","Hello! My native language is English. My main hobbies include getting lost in massive open-world RPGs, studying Renaissance masterpieces, and just meeting new people from different countries."
448,William,Japanese,Chinese,A1,"Cooking, Psychology, IT & Programming","Hi, I'm William. I'm a native Japanese speaker looking to practice my Chinese. In my free time, I really enjoy trying out new recipes and learning about human behavior."
449,Maria,Chinese,Italian,A1,"Photography, Gaming, Languages","Hello! My native language is Chinese. My main hobbies include capturing beautiful landscapes, getting lost in massive open-world RPGs, and just meeting new people from different countries."
450,Amy,Arabic,English,B2,"Psychology, Art",I'm mostly here to talk about reading cognitive science research and studying Renaissance masterpieces in English. Let's have a great conversation!
451,Phyllis,Russian,Arabic,A2,"Science, IT & Programming, Sports","Hi, I'm Phyllis. I'm a native Russian speaker looking to practice my Arabic. In my free time, I really enjoy keeping up with space exploration news and writing code in Python."
452,Julia,Portuguese,Turkish,B2,"Psychology, Gaming, Photography, Movies","Hello! My native language is Portuguese. My main hobbies include understanding personality types, speedrunning retro platformers, and just meeting new people from different countries."
453,Thomas,Arabic,Italian,A2,"Music, Art","Hi, I'm Thomas. I'm a native Arabic speaker looking to practice my Italian. In my free time, I really enjoy curating the perfect Spotify playlists and sketching portraits in my notebook."
454,Jonathon,French,Arabic,C1,"Psychology, Fashion","Hi, I'm Jonathon. I'm a native French speaker looking to practice my Arabic. In my free time, I really enjoy learning about human behavior and putting together unique outfits."
455,John,Russian,Spanish,A2,"Languages, Anime, History, Science","Hi, I'm John. I'm a native Russian speaker looking to practice my Spanish. In my free time, I really enjoy learning kanji characters and reading the latest manga chapters."
456,Dana,Russian,Portuguese,A1,"History, Anime",I'm mostly here to talk about discussing 20th-century geopolitical events and going to cosplay conventions in Portuguese. Let's have a great conversation!
457,Katie,Arabic,Russian,C2,"Sports, Science, History, Nature",Currently learning Russian. I am super passionate about keeping up with space exploration news and would love to discuss it with native speakers!
458,Adrienne,German,Turkish,C2,"Nature, Reading, Science, Sports","Hello! My native language is German. My main hobbies include bird watching in the forest, joining local book club discussions, and just meeting new people from different countries."
459,Courtney,Korean,Chinese,B1,"Psychology, Cooking, Music","I want to improve my Chinese for future goals. I can definitely help you with Korean. When I'm offline, you can usually find me learning about human behavior."
460,Joshua,Italian,German,B1,"Gaming, Languages, IT & Programming, Startups","Hi, I'm Joshua. I'm a native Italian speaker looking to practice my German. In my free time, I really enjoy getting lost in massive open-world RPGs and learning kanji characters."
461,Chris,Italian,Russian,C1,"Anime, Sports, Science, Fitness","I want to improve my Russian for future goals. I can definitely help you with Italian. When I'm offline, you can usually find me reading the latest manga chapters."
462,Justin,Korean,Italian,C1,"Fitness, Science",I'm mostly here to talk about hitting the gym after work and reading popular physics books in Italian. Let's have a great conversation!
463,Joseph,Arabic,French,C1,"Fashion, Music","Hello! My native language is Arabic. My main hobbies include thrift shopping for vintage clothes, playing the acoustic guitar, and just meeting new people from different countries."
464,Luis,Chinese,English,A2,"Art, Gaming, Reading","Hi, I'm Luis. I'm a native Chinese speaker looking to practice my English. In my free time, I really enjoy painting with watercolors and speedrunning retro platformers."
465,Amber,Arabic,German,C1,"Fitness, Anime, Fashion",Currently learning German. I am super passionate about watching seasonal Japanese animation and would love to discuss it with native speakers!
466,Devon,Spanish,Italian,C2,"Reading, Psychology, Music",Currently learning Italian. I am super passionate about discussing mental health awareness and would love to discuss it with native speakers!
467,Jesse,Portuguese,Arabic,A1,"Reading, Fitness, Art, Psychology","Hello! My native language is Portuguese. My main hobbies include reading fantasy series before bed, practicing yoga in the mornings, and just meeting new people from different countries."
468,Heather,Korean,Portuguese,A1,"Sports, Fashion, Music, Art","I want to improve my Portuguese for future goals. I can definitely help you with Korean. When I'm offline, you can usually find me going for morning runs."
469,Jasmine,French,Turkish,A2,"Cooking, Art, Nature","Hello! My native language is French. My main hobbies include experimenting with Italian cuisine, visiting contemporary galleries, and just meeting new people from different countries."
470,Caleb,Arabic,Korean,B2,"Languages, Music","I want to improve my Korean for future goals. I can definitely help you with Arabic. When I'm offline, you can usually find me studying foreign grammar rules."
471,Rick,English,French,C1,"Music, Sports, Startups, Traveling","I want to improve my French for future goals. I can definitely help you with English. When I'm offline, you can usually find me playing the acoustic guitar."
472,Amy,Russian,French,C1,"Languages, IT & Programming, Photography","Hello! My native language is Russian. My main hobbies include doing my daily Duolingo streak, building web applications, and just meeting new people from different countries."
473,Robert,Portuguese,Korean,B2,"Art, Nature",I'm mostly here to talk about sketching portraits in my notebook and camping over the weekend in Korean. Let's have a great conversation!
474,Jamie,Arabic,Italian,B1,"History, Fashion","Hello! My native language is Arabic. My main hobbies include reading biographies of historical figures, thrift shopping for vintage clothes, and just meeting new people from different countries."
475,Robert,Japanese,French,A1,"Movies, Startups",I'm mostly here to talk about analyzing directing styles and reading about venture capital in French. Let's have a great conversation!
476,Rebecca,Spanish,French,B2,"Traveling, Psychology, Startups, Cooking","I want to improve my French for future goals. I can definitely help you with Spanish. When I'm offline, you can usually find me backpacking across Europe."
477,Brandy,Portuguese,Italian,A1,"Nature, Startups, Languages, Science","I want to improve my Italian for future goals. I can definitely help you with Portuguese. When I'm offline, you can usually find me hiking in the national parks."
478,Heather,Korean,Japanese,B1,"Languages, Cooking, Nature, Sports","I want to improve my Japanese for future goals. I can definitely help you with Korean. When I'm offline, you can usually find me doing language exchange calls."
479,Melissa,Spanish,Russian,C1,"Nature, Reading, Movies, IT & Programming",I'm mostly here to talk about hiking in the national parks and devouring sci-fi novels in Russian. Let's have a great conversation!
480,Kathy,English,Japanese,C2,"History, Nature","I want to improve my Japanese for future goals. I can definitely help you with English. When I'm offline, you can usually find me visiting local museums."
481,Omar,Japanese,Arabic,C1,"Reading, Psychology, Nature","Hello! My native language is Japanese. My main hobbies include reading fantasy series before bed, understanding personality types, and just meeting new people from different countries."
482,Adam,German,Japanese,C1,"Anime, Music, Science, Languages",I'm mostly here to talk about going to cosplay conventions and curating the perfect Spotify playlists in Japanese. Let's have a great conversation!
483,Michael,Chinese,Japanese,C2,"Cooking, Art","Hi, I'm Michael. I'm a native Chinese speaker looking to practice my Japanese. In my free time, I really enjoy spending hours in the kitchen making dinner and sketching portraits in my notebook."
484,Karen,German,Italian,B2,"Psychology, Traveling, Music","Hi, I'm Karen. I'm a native German speaker looking to practice my Italian. In my free time, I really enjoy discussing mental health awareness and backpacking across Europe."
485,Melissa,French,Korean,C1,"Gaming, Languages, Reading","Hi, I'm Melissa. I'm a native French speaker looking to practice my Korean. In my free time, I really enjoy speedrunning retro platformers and doing language exchange calls."
486,Stephanie,Portuguese,English,C2,"Fitness, Startups, Photography","Hello! My native language is Portuguese. My main hobbies include hitting the gym after work, reading about venture capital, and just meeting new people from different countries."
487,Robert,Korean,English,A2,"Startups, Photography, Movies, Traveling","Hi, I'm Robert. I'm a native Korean speaker looking to practice my English. In my free time, I really enjoy reading about venture capital and editing raw photos in Lightroom."
488,Julie,Chinese,German,C2,"Music, Gaming",Currently learning German. I am super passionate about getting lost in massive open-world RPGs and would love to discuss it with native speakers!
489,Amy,Arabic,Japanese,B2,"Movies, Startups, IT & Programming, Gaming",I'm mostly here to talk about binge-watching classic cinema and building my own SaaS product in Japanese. Let's have a great conversation!
490,Carrie,Portuguese,Chinese,B1,"Art, Movies, Fashion",Currently learning Chinese. I am super passionate about binge-watching classic cinema and would love to discuss it with native speakers!
491,Jeffrey,French,Japanese,C1,"Psychology, Gaming","Hi, I'm Jeffrey. I'm a native French speaker looking to practice my Japanese. In my free time, I really enjoy understanding personality types and grinding ranks in e-sports titles."
492,Jeffrey,Italian,Russian,C1,"Reading, Fashion, Fitness, Anime","Hello! My native language is Italian. My main hobbies include collecting hardcover first editions, putting together unique outfits, and just meeting new people from different countries."
493,Ryan,Arabic,Korean,C1,"Anime, Cooking","Hello! My native language is Arabic. My main hobbies include going to cosplay conventions, trying out new recipes, and just meeting new people from different countries."
494,Anthony,Arabic,German,C2,"Art, History, Nature, Science","I want to improve my German for future goals. I can definitely help you with Arabic. When I'm offline, you can usually find me visiting contemporary galleries."
495,Matthew,Russian,Spanish,B2,"History, Gaming, Music, Anime","I want to improve my Spanish for future goals. I can definitely help you with Russian. When I'm offline, you can usually find me visiting local museums."
496,Erin,Portuguese,Russian,A2,"Movies, Anime, Languages, Art","I want to improve my Russian for future goals. I can definitely help you with Portuguese. When I'm offline, you can usually find me discussing plot twists in thrillers."
497,Richard,German,Turkish,A2,"Science, Sports, Cooking, Startups",I'm mostly here to talk about keeping up with space exploration news and training for a local marathon in Turkish. Let's have a great conversation!
498,Frederick,English,Italian,A1,"Science, History, Anime","I want to improve my Italian for future goals. I can definitely help you with English. When I'm offline, you can usually find me discussing biotech breakthroughs."
499,Tanner,Italian,Russian,B2,"Languages, Sports","Hello! My native language is Italian. My main hobbies include doing my daily Duolingo streak, training for a local marathon, and just meeting new people from different countries."
500,David,Italian,English,C1,"Fitness, Music, Fashion",Currently learning English. I am super passionate about producing electronic beats and would love to discuss it with native speakers!
501,Cindy,Turkish,English,A1,"Movies, Fitness, Cooking, History","I want to improve my English for future goals. I can definitely help you with Turkish. When I'm offline, you can usually find me going to midnight premieres."
502,Anthony,Italian,Russian,A2,"Anime, History, Science","Hello! My native language is Italian. My main hobbies include reading the latest manga chapters, discussing 20th-century geopolitical events, and just meeting new people from different countries."
503,Phillip,German,Japanese,C2,"Science, Fitness, Reading",I'm mostly here to talk about learning about quantum mechanics and doing crossfit workouts in Japanese. Let's have a great conversation!
504,Anne,French,Portuguese,C2,"Cooking, Reading","Hello! My native language is French. My main hobbies include baking desserts on weekends, joining local book club discussions, and just meeting new people from different countries."
505,Anthony,German,French,C2,"Anime, IT & Programming","Hello! My native language is German. My main hobbies include reading the latest manga chapters, fixing bugs in my pet projects, and just meeting new people from different countries."
506,Dawn,French,Arabic,C1,"History, Anime, Photography, Reading","Hi, I'm Dawn. I'm a native French speaker looking to practice my Arabic. In my free time, I really enjoy reading biographies of historical figures and discussing my favorite shounen arcs."
507,Derek,Turkish,French,A1,"Reading, Anime",Currently learning French. I am super passionate about discussing my favorite shounen arcs and would love to discuss it with native speakers!
508,Steven,Russian,Chinese,B1,"Psychology, Reading, Science, IT & Programming",Currently learning Chinese. I am super passionate about devouring sci-fi novels and would love to discuss it with native speakers!
509,Brent,Arabic,Portuguese,A2,"Languages, Psychology, Music, Photography",I'm mostly here to talk about doing language exchange calls and understanding personality types in Portuguese. Let's have a great conversation!
510,Nicholas,Korean,Turkish,A1,"Photography, Fashion, Sports","Hello! My native language is Korean. My main hobbies include editing raw photos in Lightroom, putting together unique outfits, and just meeting new people from different countries."
511,Jason,Arabic,Portuguese,C1,"Gaming, Languages, Music",Currently learning Portuguese. I am super passionate about learning kanji characters and would love to discuss it with native speakers!
512,Mark,Chinese,Arabic,B1,"Reading, Fitness, Languages, Fashion","Hello! My native language is Chinese. My main hobbies include reading fantasy series before bed, tracking my macronutrients, and just meeting new people from different countries."
513,Kathleen,French,Turkish,A1,"Art, Reading","I want to improve my Turkish for future goals. I can definitely help you with French. When I'm offline, you can usually find me visiting contemporary galleries."
514,Nicholas,Japanese,Spanish,A1,"Anime, Psychology","Hello! My native language is Japanese. My main hobbies include watching seasonal Japanese animation, learning about human behavior, and just meeting new people from different countries."
515,Karen,Italian,Spanish,A1,"Sports, Gaming, Fitness","I want to improve my Spanish for future goals. I can definitely help you with Italian. When I'm offline, you can usually find me watching the Champions League."
516,Marie,Turkish,Russian,B2,"Sports, Languages, Startups, Music",Currently learning Russian. I am super passionate about doing my daily Duolingo streak and would love to discuss it with native speakers!
517,Johnny,Chinese,Korean,B2,"Reading, Psychology, Fashion, Sports",I'm mostly here to talk about collecting hardcover first editions and discussing mental health awareness in Korean. Let's have a great conversation!
518,Christopher,Japanese,Italian,C2,"Psychology, Photography, Science, Anime","Hello! My native language is Japanese. My main hobbies include reading cognitive science research, shooting on 35mm film, and just meeting new people from different countries."
519,Andrew,Russian,Chinese,B2,"Sports, Photography, IT & Programming",Currently learning Chinese. I am super passionate about editing raw photos in Lightroom and would love to discuss it with native speakers!
520,Amber,Russian,Korean,C1,"Anime, Languages","Hello! My native language is Russian. My main hobbies include going to cosplay conventions, doing my daily Duolingo streak, and just meeting new people from different countries."
521,Zoe,Russian,Portuguese,A2,"Psychology, Science",I'm mostly here to talk about reading cognitive science research and learning about quantum mechanics in Portuguese. Let's have a great conversation!
522,Michael,Japanese,Turkish,A2,"Fitness, Languages","Hi, I'm Michael. I'm a native Japanese speaker looking to practice my Turkish. In my free time, I really enjoy doing crossfit workouts and doing language exchange calls."
523,Debra,Japanese,Arabic,A2,"Reading, Photography, Languages, Nature","I want to improve my Arabic for future goals. I can definitely help you with Japanese. When I'm offline, you can usually find me collecting hardcover first editions."
524,Kimberly,French,Russian,A1,"Fashion, Languages, Reading, Anime","Hi, I'm Kimberly. I'm a native French speaker looking to practice my Russian. In my free time, I really enjoy thrift shopping for vintage clothes and doing language exchange calls."
525,Denise,French,English,C1,"Music, Cooking","I want to improve my English for future goals. I can definitely help you with French. When I'm offline, you can usually find me curating the perfect Spotify playlists."
526,Karen,Turkish,Korean,C2,"Art, Gaming","Hello! My native language is Turkish. My main hobbies include sketching portraits in my notebook, playing competitive multiplayer games, and just meeting new people from different countries."
527,Stefanie,German,Chinese,B2,"Anime, Science, Fashion","Hi, I'm Stefanie. I'm a native German speaker looking to practice my Chinese. In my free time, I really enjoy watching seasonal Japanese animation and discussing biotech breakthroughs."
528,James,French,English,B1,"Gaming, Psychology, Anime",Currently learning English. I am super passionate about reading cognitive science research and would love to discuss it with native speakers!
529,Andrew,Japanese,English,A1,"Art, Fitness, Fashion, Languages","Hello! My native language is Japanese. My main hobbies include visiting contemporary galleries, doing crossfit workouts, and just meeting new people from different countries."
530,Elijah,Turkish,Spanish,C1,"Movies, Anime, Fitness, Photography","Hi, I'm Elijah. I'm a native Turkish speaker looking to practice my Spanish. In my free time, I really enjoy going to midnight premieres and reading the latest manga chapters."
531,David,Turkish,Italian,C1,"Reading, Anime",Currently learning Italian. I am super passionate about reading the latest manga chapters and would love to discuss it with native speakers!
532,Elizabeth,English,Arabic,A2,"Art, Nature","I want to improve my Arabic for future goals. I can definitely help you with English. When I'm offline, you can usually find me painting with watercolors."
533,Anne,Russian,Portuguese,A1,"Art, IT & Programming, Traveling",Currently learning Portuguese. I am super passionate about building web applications and would love to discuss it with native speakers!
534,Jeffery,Spanish,German,A2,"Gaming, History, Traveling","I want to improve my German for future goals. I can definitely help you with Spanish. When I'm offline, you can usually find me playing competitive multiplayer games."
535,Holly,Turkish,Italian,A1,"Anime, Art","Hello! My native language is Turkish. My main hobbies include going to cosplay conventions, painting with watercolors, and just meeting new people from different countries."
536,Katie,Turkish,German,A1,"Fitness, Science, Sports, Reading","Hello! My native language is Turkish. My main hobbies include hitting the gym after work, learning about quantum mechanics, and just meeting new people from different countries."
537,Gary,Italian,Russian,C1,"Anime, Movies, Music, Science",Currently learning Russian. I am super passionate about analyzing directing styles and would love to discuss it with native speakers!
538,Catherine,Portuguese,Italian,A2,"Startups, Sports",Currently learning Italian. I am super passionate about watching the Champions League and would love to discuss it with native speakers!
539,Julie,Italian,Chinese,B2,"Startups, Fitness",I'm mostly here to talk about reading about venture capital and hitting the gym after work in Chinese. Let's have a great conversation!
540,Danny,Chinese,Portuguese,A2,"Gaming, Psychology, Fitness",I'm mostly here to talk about speedrunning retro platformers and discussing mental health awareness in Portuguese. Let's have a great conversation!
541,Lori,French,Portuguese,B1,"Nature, History, Cooking","Hi, I'm Lori. I'm a native French speaker looking to practice my Portuguese. In my free time, I really enjoy hiking in the national parks and reading biographies of historical figures."
542,Tami,French,Turkish,A1,"Cooking, Anime","Hi, I'm Tami. I'm a native French speaker looking to practice my Turkish. In my free time, I really enjoy baking desserts on weekends and watching seasonal Japanese animation."
543,Daniel,Portuguese,Arabic,B2,"Anime, Startups, Reading, Traveling",I'm mostly here to talk about going to cosplay conventions and reading about venture capital in Arabic. Let's have a great conversation!
544,Anthony,Turkish,Spanish,A1,"Anime, Gaming",Currently learning Spanish. I am super passionate about playing competitive multiplayer games and would love to discuss it with native speakers!
545,Larry,Italian,Japanese,B1,"Traveling, Reading, Startups, Languages","Hi, I'm Larry. I'm a native Italian speaker looking to practice my Japanese. In my free time, I really enjoy backpacking across Europe and reading fantasy series before bed."
546,Erica,German,Italian,A1,"Art, Psychology","I want to improve my Italian for future goals. I can definitely help you with German. When I'm offline, you can usually find me studying Renaissance masterpieces."
547,Susan,Italian,Arabic,A2,"Music, Psychology, Nature, Cooking","Hello! My native language is Italian. My main hobbies include curating the perfect Spotify playlists, discussing mental health awareness, and just meeting new people from different countries."
548,Randy,Spanish,French,A2,"Fitness, Startups, History, Music",Currently learning French. I am super passionate about building my own SaaS product and would love to discuss it with native speakers!
549,Jennifer,Italian,Chinese,B1,"Nature, History, Art",I'm mostly here to talk about camping over the weekend and discussing 20th-century geopolitical events in Chinese. Let's have a great conversation!
550,Charles,Turkish,Russian,B1,"Fashion, Fitness, IT & Programming",I'm mostly here to talk about following runway trends and practicing yoga in the mornings in Russian. Let's have a great conversation!
